County,FIPS,Community Context PCT,"Extreme Events (Wildfires, Floodings, Storms) PCT",Relevant Workforce Availability,Water Availability,Sequestration Access (EOR/Pipeline/Primacy),Interconnection Queue,Land Cost,State Project Enablement Index PCT,Long-Haul Fiber Optics Presence
 Autauga,1001,0.573,0.308,0.63125,0.219203531,0.15,0.448666667,0.03214152,0.38,0.05
 Baldwin,1003,0.634,0.994,0.5705,0,0.15,0.448666667,0.049301438,0.38,0.05
 Barbour,1005,0.941,0.368,0.67025,0.254107788,0.95,0.448666667,0.032025474,0.38,0.95
 Bibb,1007,0.754,0.655,0.89625,0.180649659,0.95,0.448666667,0.03198874,0.38,0.95
 Blount,1009,0.862,0.643,0.8795,0.020556753,0.95,0.448666667,0.044293411,0.38,0.05
 Bullock,1011,0.968,0.468,0.88,0.290216889,0.95,0.448666667,0.029747856,0.38,0.95
 Butler,1013,0.848,0.341,0.662,0.214504804,0.15,0.448666667,0.034945594,0.38,0.05
 Calhoun,1015,0.885,0.346,0.57475,0.088836779,0.95,0.448666667,0.047902387,0.38,0.05
 Chambers,1017,0.82,0.266,0.87025,0.26394166,0.95,0.448666667,0.036749492,0.38,0.05
 Cherokee,1019,0.841,0.354,0.87575,0.088916665,0.95,0.448666667,0.037800891,0.38,0.95
 Chilton,1021,0.824,0.466,0.88775,0.225558678,0.15,0.448666667,0.036845346,0.38,0.05
 Choctaw,1023,0.962,0.815,0.722,0.234575184,0.15,0.448666667,0.031024721,0.38,0.95
 Clarke,1025,0.896,0.789,0.70025,0.17923952,0.15,0.448666667,0.032456997,0.38,0.05
 Clay,1027,0.83,0.585,0.903,0.120581927,0.95,0.448666667,0.039494374,0.38,0.95
 Cleburne,1029,0.776,0.511,0.44475,0.169297743,0.95,0.448666667,0.040377588,0.38,0.05
 Coffee,1031,0.706,0.319,0.8235,0.179028045,0.15,0.448666667,0.038889387,0.38,0.05
 Colbert,1033,0.678,0.547,0.37375,0.173565722,0.95,0.448666667,0.037184161,0.38,0.05
 Conecuh,1035,0.893,0.587,0.525,0.132507532,0.15,0.448666667,0.031037351,0.38,0.05
 Coosa,1037,0.873,0.363,0.916,0.187089276,0.95,0.448666667,0.034002019,0.38,0.05
 Covington,1039,0.841,0.416,0.55475,0.07467264,0.15,0.448666667,0.036503387,0.38,0.95
 Crenshaw,1041,0.894,0.431,0.8805,0.237965521,0.15,0.448666667,0.034300389,0.38,0.95
 Cullman,1043,0.702,0.515,0.80025,0,0.95,0.448666667,0.045815664,0.38,0.05
 Dale,1045,0.798,0.22,0.81975,0.185297227,0.95,0.448666667,0.039155532,0.38,0.05
 Dallas,1047,0.853,0.185,0.86625,0.254479147,0.15,0.448666667,0.030681756,0.38,0.05
 DeKalb,1049,0.903,0.597,0.832,0.085245087,0.95,0.448666667,0.044408287,0.38,0.95
 Elmore,1051,0.625,0.637,0.8635,0.23639232,0.95,0.448666667,0.03878848,0.38,0.05
 Escambia,1053,0.922,0.731,0.381,0.106928935,0.15,0.448666667,0.032906686,0.38,0.05
 Etowah,1055,0.73,0.214,0.61675,0.096344313,0.95,0.448666667,0.047039656,0.38,0.95
 Fayette,1057,0.924,0.518,0.76475,0.037980117,0.95,0.448666667,0.031557024,0.38,0.95
 Franklin,1059,0.908,0.639,0.824,0.146166111,0.95,0.448666667,0.03717362,0.38,0.95
 Geneva,1061,0.947,0.481,0.87925,0.165772215,0.95,0.448666667,0.036163612,0.38,0.95
 Greene,1063,0.951,0.575,0.787,0.180153624,0.15,0.448666667,0.031755108,0.38,0.05
 Hale,1065,0.947,0.545,0.93375,0.200646348,0.15,0.448666667,0.03156944,0.38,0.95
 Henry,1067,0.789,0.316,0.869,0.25711423,0.95,0.448666667,0.036114812,0.38,0.95
 Houston,1069,0.719,0.147,0.67125,0.144478218,0.95,0.448666667,0.038002525,0.38,0.05
 Jackson,1071,0.86,0.739,0.81075,0.077969543,0.95,0.448666667,0.037094466,0.38,0.95
 Jefferson,1073,0.624,0.508,0.09175,0.02517847,0.95,0.448666667,0.052163568,0.38,0.05
 Lamar,1075,0.863,0.845,0.938,0.034663731,0.95,0.448666667,0.027359641,0.38,0.95
 Lauderdale,1077,0.503,0.635,0.654,0.155084524,0.95,0.448666667,0.045069663,0.38,0.05
 Lawrence,1079,0.72,0.693,0.7935,0.144975831,0.95,0.448666667,0.043665167,0.38,0.05
 Lee,1081,0.408,0.165,0.431,0.255296717,0.95,0.448666667,0.044346468,0.38,0.05
 Limestone,1083,0.623,0.559,0.64275,0.129913263,0.95,0.448666667,0.042840623,0.38,0.05
 Lowndes,1085,0.933,0.526,1,0.280338568,0.15,0.448666667,0.030302597,0.38,0.05
 Macon,1087,0.73,0.253,0.907,0.314115162,0.95,0.448666667,0.032450959,0.38,0.05
 Madison,1089,0.338,0.404,0.36025,0.073522901,0.95,0.448666667,0.050510794,0.38,0.05
 Marengo,1091,0.903,0.542,0.82975,0.239381207,0.15,0.448666667,0.029675308,0.38,0.05
 Marion,1093,0.869,0.67,0.88825,0.018299358,0.95,0.448666667,0.035335935,0.38,0.95
 Marshall,1095,0.831,0.631,0.79075,0.073159924,0.95,0.448666667,0.047450273,0.38,0.95
 Mobile,1097,0.746,0.975,0.05825,0.012065814,0.15,0.448666667,0.04322767,0.38,0.05
 Monroe,1099,0.881,0.659,0.683,0.209240058,0.15,0.448666667,0.030662589,0.38,0.05
 Montgomery,1101,0.646,0.189,0.57975,0.230997008,0.15,0.448666667,0.035113414,0.38,0.05
 Morgan,1103,0.627,0.388,0.36325,0.09823082,0.95,0.448666667,0.049014428,0.38,0.05
 Perry,1105,0.867,0.539,0.945,0.224949929,0.15,0.448666667,0.030373646,0.38,0.05
 Pickens,1107,0.944,0.548,0.91225,0.170217528,0.15,0.448666667,0.032123224,0.38,0.95
 Pike,1109,0.751,0.424,0.8685,0.262282633,0.15,0.448666667,0.036401249,0.38,0.05
 Randolph,1111,0.927,0.611,0.899,0.21737762,0.95,0.448666667,0.03961822,0.38,0.95
 Russell,1113,0.778,0.113,0.866,0.27109198,0.95,0.448666667,0.033244381,0.38,0.95
 St. Clair,1115,0.623,0.443,0.80775,0.082779351,0.95,0.448666667,0.045039218,0.38,0.05
 Shelby,1117,0.176,0.445,0.3435,0.158033982,0.95,0.448666667,0.044786162,0.38,0.05
 Sumter,1119,0.921,0.686,0.932,0.170140352,0.15,0.448666667,0.030585805,0.38,0.05
 Talladega,1121,0.896,0.513,0.58775,0.139052127,0.95,0.448666667,0.03916554,0.38,0.05
 Tallapoosa,1123,0.891,0.383,0.857,0.218239394,0.95,0.448666667,0.034641469,0.38,0.05
 Tuscaloosa,1125,0.513,0.477,0.3045,0.105975733,0.95,0.448666667,0.03829531,0.38,0.05
 Walker,1127,0.862,0.586,0.61225,0.029943899,0.95,0.448666667,0.037099748,0.38,0.95
 Washington,1129,0.867,0.935,0.654,0.172481695,0.15,0.448666667,0.032613591,0.38,0.95
 Wilcox,1131,0.912,0.423,0.925,0.231754808,0.15,0.448666667,0.029115346,0.38,0.95
 Winston,1133,0.86,0.536,0.89175,0,0.95,0.448666667,0.034317524,0.38,0.95
 Aleutians East,2013,0.476,0.632,1,0.5,0.95,0.474,0.053210006,1,0.95
 Aleutians West,2016,0.331,0.058,1,0.5,0.95,0.474,0.053210006,1,0.95
 Anchorage,2020,0.096,0.069,0.024,0.5,0.95,0.474,0.058779988,1,0.95
 Bethel,2050,0.806,0.718,0.8825,0.5,0.95,0.474,0.053210006,1,0.95
 Bristol Bay,2060,0.271,0.288,1,0.5,0.95,0.474,0.053210006,1,0.95
 Denali,2068,0.142,0.078,1,0.5,0.95,0.474,0.053210006,1,0.95
 Dillingham,2070,0.622,0.028,0.71775,0.5,0.95,0.474,0.053210006,1,0.95
 Fairbanks North Star,2090,0.066,0.053,0.19025,0.5,0.95,0.474,0.029997126,1,0.95
 Haines,2100,0.128,0.032,0.63975,0.5,0.95,0.474,0.053210006,1,0.95
 Hoonah-Angoon,2105,0.515,0.15,1,0.5,0.95,0.474,0.053210006,1,0.95
 Juneau,2110,0.125,0.327,0.6375,0.5,0.95,0.474,0.185427948,1,0.95
 Kenai Peninsula,2122,0.354,0.267,0.1255,0.5,0.95,0.474,0.04779181,1,0.95
 Ketchikan Gateway,2130,0.279,0.061,1,0.5,0.95,0.474,0.053210006,1,0.95
 Kodiak Island,2150,0.215,0.004,0.72375,0.5,0.95,0.474,0.053210006,1,0.95
 Lake and Peninsula,2164,0.653,0.043,1,0.5,0.95,0.474,0.053210006,1,0.95
 Matanuska-Susitna,2170,0.354,0.033,0.61675,0.5,0.95,0.474,0.053210006,1,0.95
 Nome,2180,0.735,0.885,0.957,0.5,0.95,0.474,0.053210006,1,0.95
 North Slope,2185,0.478,0.406,0.302,0.5,0.95,0.474,0.053210006,1,0.95
 Northwest Arctic,2188,0.755,0.433,1,0.5,0.95,0.474,0.053210006,1,0.95
 Petersburg,2195,0.328,0.286,1,0.5,0.95,0.474,0.053210006,1,0.95
 Prince of Wales-Hyder,2198,0.525,0.048,0.9505,0.5,0.95,0.474,0.053210006,1,0.95
 Sitka,2220,0.22,0.709,1,0.5,0.95,0.474,0.053210006,1,0.95
 Skagway,2230,0.07,0.026,1,0.5,0.95,0.474,0.053210006,1,0.95
 Southeast Fairbanks,2240,0.296,0.023,0.75875,0.5,0.95,0.474,0.053210006,1,0.95
Chugach,2063,0.104,0.432,0.79225,0.5,0.95,0.474,0.053210006,1,0.95
Copper,2066,0.104,0.432,0.79225,0.5,0.95,0.474,0.053210006,1,0.95
Kusilvak,2158,0.454,0.256,1,0.5,0.95,0.474,0.053210006,1,0.95
 Wrangell,2275,0.505,0.297,1,0.5,0.95,0.474,0.053210006,1,0.95
 Yakutat,2282,0.452,0.025,1,0.5,0.95,0.474,0.053210006,1,0.95
 Yukon-Koyukuk,2290,0.643,0.23,1,0.5,0.95,0.474,0.053210006,1,0.95
 Apache,4001,0.757,0.511,0.40625,0.807880713,0.15,0.611833333,0.011355118,0.24,0.95
 Cochise,4003,0.683,0.783,0.42875,0.915142848,0.15,0.611833333,0.032499231,0.24,0.05
 Coconino,4005,0.459,0.704,0.80875,0.820533344,0.15,0.611833333,0.011611088,0.24,0.05
 Gila,4007,0.725,0.894,0.9145,0.784985821,0.15,0.611833333,0.011811871,0.24,0.05
 Graham,4009,0.635,0.69,0.8645,0.852162491,0.15,0.611833333,0.016983712,0.24,0.95
 Greenlee,4011,0.649,0.285,0.93725,0.831354611,0.15,0.611833333,0.04649074,0.24,0.95
 La Paz,4012,0.572,0.3,0.941,1,0.15,0.611833333,0.031945831,0.24,0.05
 Maricopa,4013,0.108,0.002,0.03425,1,0.15,0.611833333,0.053131296,0.24,0.05
 Mohave,4015,0.668,0.091,0.425,0.876616591,0.15,0.611833333,0.020237266,0.24,0.05
 Navajo,4017,0.774,0.359,0.64975,0.868323243,0.15,0.611833333,0.011285879,0.24,0.95
 Pima,4019,0.23,0.388,0.084,0.862631996,0.15,0.611833333,0.014054292,0.24,0.05
 Pinal,4021,0.608,0.277,0.39125,1,0.15,0.611833333,0.029014216,0.24,0.05
 Santa Cruz,4023,0.808,0.653,0.91175,0.917091342,0.15,0.611833333,0.031767447,0.24,0.05
 Yavapai,4025,0.585,0.617,0.65725,0.835162446,0.15,0.611833333,0.030185973,0.24,0.05
 Yuma,4027,0.492,0.009,0.208,0.959643952,0.15,0.611833333,0.058264335,0.24,0.05
 Arkansas,5001,0.828,0.237,0.89275,0.453965541,0.95,0.577666667,0.041355766,0.82,0.95
 Ashley,5003,0.827,0.678,0.81325,0.211107905,0.15,0.577666667,0.040435783,0.82,0.05
 Baxter,5005,0.514,0.621,0.8915,0.297903859,0.15,0.577666667,0.034822012,0.82,0.05
 Benton,5007,0.137,0.719,0.1785,0.275728347,0.15,0.577666667,0.061960953,0.82,0.05
 Boone,5009,0.603,0.772,0.8715,0.361408483,0.15,0.577666667,0.039260486,0.82,0.05
 Bradley,5011,0.857,0.405,0.9415,0.265308906,0.15,0.577666667,0.037894086,0.82,0.95
 Calhoun,5013,0.558,0.662,0.89125,0.284982155,0.15,0.577666667,0.03186599,0.82,0.05
 Carroll,5015,0.892,0.848,0.87275,0.346309735,0.15,0.577666667,0.039553869,0.82,0.95
 Chicot,5017,0.855,0.641,1,0.493132504,0.15,0.577666667,0.039992357,0.82,0.05
 Clark,5019,0.659,0.685,0.886,0.252809864,0.15,0.577666667,0.034494082,0.82,0.05
 Clay,5021,0.854,0.626,0.9165,0.302579815,0.95,0.577666667,0.043318237,0.82,0.95
 Cleburne,5023,0.784,0.716,0.67275,0.222015389,0.15,0.577666667,0.037723052,0.82,0.05
 Cleveland,5025,0.72,0.63,1,0.269598167,0.15,0.577666667,0.03824923,0.82,0.05
 Columbia,5027,0.782,0.569,0.462,0.31294155,0.15,0.577666667,0.033724258,0.82,0.05
 Conway,5029,0.757,0.635,0.7125,0.265009124,0.15,0.577666667,0.035130152,0.82,0.05
 Craighead,5031,0.574,0.321,0.5555,0.372108105,0.95,0.577666667,0.041765963,0.82,0.05
 Crawford,5033,0.648,0.856,0.7325,0.30240343,0.15,0.577666667,0.040744752,0.82,0.05
 Crittenden,5035,0.638,0.05,0.86425,0.398138147,0.95,0.577666667,0.040744752,0.82,0.05
 Cross,5037,0.756,0.09,0.93875,0.349551517,0.95,0.577666667,0.040682183,0.82,0.95
 Dallas,5039,0.822,0.64,0.951,0.302300006,0.15,0.577666667,0.028585562,0.82,0.05
 Desha,5041,0.901,0.222,0.96,0.530409646,0.95,0.577666667,0.040148845,0.82,0.05
 Drew,5043,0.799,0.419,0.9145,0.288868201,0.15,0.577666667,0.038136355,0.82,0.05
 Faulkner,5045,0.399,0.599,0.364,0.201001397,0.15,0.577666667,0.042822323,0.82,0.05
 Franklin,5047,0.81,0.898,0.4645,0.31727971,0.15,0.577666667,0.035661619,0.82,0.05
 Fulton,5049,0.925,0.88,0.885,0.36132646,0.95,0.577666667,0.029622435,0.82,0.05
 Garland,5051,0.762,0.478,0.69375,0.207067547,0.15,0.577666667,0.055786781,0.82,0.05
 Grant,5053,0.616,0.613,1,0.274505764,0.15,0.577666667,0.039155532,0.82,0.05
 Greene,5055,0.673,0.416,0.84,0.331929625,0.95,0.577666667,0.043453734,0.82,0.05
 Hempstead,5057,0.753,0.661,0.523,0.331853522,0.15,0.577666667,0.033724258,0.82,0.05
 Hot Spring,5059,0.841,0.688,0.83125,0.245322771,0.15,0.577666667,0.037712662,0.82,0.05
 Howard,5061,0.843,0.506,0.925,0.260352021,0.15,0.577666667,0.040450318,0.82,0.95
 Independence,5063,0.663,0.797,0.854,0.278794648,0.95,0.577666667,0.034669741,0.82,0.05
 Izard,5065,0.859,0.843,0.9565,0.323148312,0.95,0.577666667,0.032995888,0.82,0.95
 Jackson,5067,0.863,0.726,0.914,0.348136717,0.95,0.577666667,0.039628111,0.82,0.05
 Jefferson,5069,0.739,0.234,0.64275,0.419203707,0.15,0.577666667,0.037004552,0.82,0.05
 Johnson,5071,0.768,0.594,1,0.348852771,0.15,0.577666667,0.039250503,0.82,0.05
 Lafayette,5073,0.921,0.624,0.61325,0.396449796,0.15,0.577666667,0.03394434,0.82,0.05
 Lawrence,5075,0.699,0.692,0.90975,0.388157923,0.95,0.577666667,0.042500795,0.82,0.05
 Lee,5077,0.905,0.084,0.951,0.412546126,0.95,0.577666667,0.036669422,0.82,0.05
 Lincoln,5079,0.924,0.302,0.8505,0.388180671,0.15,0.577666667,0.037126148,0.82,0.05
 Little River,5081,0.777,0.576,0.8635,0.373703129,0.15,0.577666667,0.032631612,0.82,0.95
 Logan,5083,0.87,0.61,0.72525,0.301806195,0.15,0.577666667,0.035018415,0.82,0.05
 Lonoke,5085,0.587,0.596,0.85125,0.315860391,0.15,0.577666667,0.038919608,0.82,0.05
 Madison,5087,0.839,0.901,0.88075,0.262233279,0.15,0.577666667,0.04072551,0.82,0.95
 Marion,5089,0.876,0.761,0.94475,0.334366693,0.15,0.577666667,0.032481138,0.82,0.05
 Miller,5091,0.655,0.091,0.38925,0.311914556,0.15,0.577666667,0.037036311,0.82,0.05
 Mississippi,5093,0.729,0.098,0.50275,0.420044681,0.95,0.577666667,0.042385373,0.82,0.05
 Monroe,5095,0.824,0.636,1,0.421047696,0.95,0.577666667,0.038356665,0.82,0.05
 Montgomery,5097,0.837,0.761,1,0.178663407,0.15,0.577666667,0.036935647,0.82,0.95
 Nevada,5099,0.914,0.515,0.93425,0.284135725,0.15,0.577666667,0.031345187,0.82,0.05
 Newton,5101,0.789,0.832,0.91875,0.271724885,0.15,0.577666667,0.035185888,0.82,0.05
 Ouachita,5103,0.742,0.696,0.652,0.27549402,0.15,0.577666667,0.029562839,0.82,0.95
 Perry,5105,0.731,0.774,0.80725,0.193651124,0.15,0.577666667,0.035479825,0.82,0.05
 Phillips,5107,0.915,0.04,0.88225,0.496290188,0.95,0.577666667,0.036206935,0.82,0.05
 Pike,5109,0.804,0.711,1,0.174193254,0.15,0.577666667,0.034374577,0.82,0.95
 Poinsett,5111,0.812,0.332,0.922,0.377361737,0.95,0.577666667,0.041714322,0.82,0.05
 Polk,5113,0.788,0.747,0.8995,0.108995925,0.15,0.577666667,0.039100443,0.82,0.95
 Pope,5115,0.537,0.564,0.47025,0.270571743,0.15,0.577666667,0.038899463,0.82,0.05
 Prairie,5117,0.818,0.708,1,0.349121334,0.95,0.577666667,0.037352416,0.82,0.05
 Pulaski,5119,0.43,0.306,0.09225,0.338554244,0.15,0.577666667,0.042468509,0.82,0.05
 Randolph,5121,0.869,0.874,0.851,0.296481762,0.95,0.577666667,0.039854926,0.82,0.05
 St. Francis,5123,0.897,0.073,0.83225,0.358054663,0.95,0.577666667,0.037052181,0.82,0.05
 Saline,5125,0.359,0.603,0.68275,0.253521504,0.15,0.577666667,0.042041865,0.82,0.05
 Scott,5127,0.816,0.829,0.953,0.259228397,0.15,0.577666667,0.03490632,0.82,0.95
 Searcy,5129,0.777,0.783,0.9295,0.25188834,0.15,0.577666667,0.032529365,0.82,0.05
 Sebastian,5131,0.44,0.581,0.13075,0.378596139,0.15,0.577666667,0.041041848,0.82,0.05
 Sevier,5133,0.8,0.601,0.93925,0.241971745,0.15,0.577666667,0.036935647,0.82,0.95
 Sharp,5135,0.847,0.875,0.92175,0.356525319,0.95,0.577666667,0.035213723,0.82,0.05
 Stone,5137,0.871,0.774,0.952,0.244604719,0.15,0.577666667,0.033660282,0.82,0.05
 Union,5139,0.662,0.254,0.549,0.290467154,0.15,0.577666667,0.033782314,0.82,0.05
 Van Buren,5141,0.76,0.582,0.6105,0.239382624,0.15,0.577666667,0.036696131,0.82,0.05
 Washington,5143,0.376,0.755,0.091,0.249039052,0.15,0.577666667,0.05407084,0.82,0.05
 White,5145,0.726,0.833,0.4335,0.204622634,0.15,0.577666667,0.036417395,0.82,0.05
 Woodruff,5147,0.845,0.819,0.9395,0.361430428,0.95,0.577666667,0.039175545,0.82,0.95
 Yell,5149,0.834,0.759,0.938,0.2507426,0.15,0.577666667,0.03803345,0.82,0.05
 Alameda,6001,0.031,0.556,0.29625,0.622563339,0.95,0.694666667,0.072665097,0.44,0.05
 Alpine,6003,0.37,0.42,1,0.243554401,0.95,0.694666667,0.044044968,0.44,0.05
 Amador,6005,0.29,0.117,0.73175,0.307403404,0.95,0.694666667,0.050027426,0.44,0.95
 Butte,6007,0.422,0.029,0.4245,0.263316746,0.95,0.694666667,0.074022342,0.44,0.05
 Calaveras,6009,0.261,0.23,0.8355,0.33858894,0.95,0.694666667,0.043862181,0.44,0.95
 Colusa,6011,0.437,0.501,0.7045,1,0.95,0.694666667,0.066012559,0.44,0.05
 Contra Costa,6013,0.061,0.687,0.04375,0.691869991,0.95,0.694666667,0.060043225,0.44,0.05
 Del Norte,6015,0.593,0.485,0.914,0,0.95,0.694666667,0.063244314,0.44,0.95
 El Dorado,6017,0.198,0.092,0.633,0.161858269,0.95,0.694666667,0.067911767,0.44,0.05
 Fresno,6019,0.493,0.018,0.09325,1,0.15,0.694666667,0.0801169,0.44,0.05
 Glenn,6021,0.643,0.017,0.70475,0.637176856,0.95,0.694666667,0.063417586,0.44,0.05
 Humboldt,6023,0.453,0.72,0.656,0,0.95,0.694666667,0.042357625,0.44,0.05
 Imperial,6025,0.54,0.009,0.449,1,0.95,0.694666667,0.068268625,0.44,0.05
 Inyo,6027,0.124,0.539,0.799,0.82092586,0.95,0.694666667,0.019406866,0.44,0.05
 Kern,6029,0.391,0.034,0.0105,1,0.15,0.694666667,0.064267796,0.44,0.05
 Kings,6031,0.438,0.008,0.49875,1,0.15,0.694666667,0.063814942,0.44,0.05
 Lake,6033,0.675,0.062,0.84125,0.375163449,0.95,0.694666667,0.055406124,0.44,0.05
 Lassen,6035,0.424,0.224,0.909,0.59579335,0.95,0.694666667,0.041962554,0.44,0.95
 Los Angeles,6037,0.247,0.005,0.00525,0.698007357,0.15,0.694666667,0.092503967,0.44,0.05
 Madera,6039,0.538,0.074,0.603,0.694394796,0.15,0.694666667,0.072031307,0.44,0.05
 Marin,6041,0.047,0.879,0.61025,0.334324205,0.95,0.694666667,0.054704955,0.44,0.05
 Mariposa,6043,0.311,0.402,0.8805,0.286187433,0.95,0.694666667,0.041080027,0.44,0.95
 Mendocino,6045,0.558,0.895,0.8215,0.098404817,0.95,0.694666667,0.050514674,0.44,0.05
 Merced,6047,0.57,0.017,0.827,1,0.15,0.694666667,0.080480509,0.44,0.05
 Modoc,6049,0.472,0.1,0.93125,0.724803604,0.95,0.694666667,0.04089357,0.44,0.95
 Mono,6051,0.15,0.529,0.84775,0.565250597,0.95,0.694666667,0.035068741,0.44,0.05
 Monterey,6053,0.285,0.788,0.30925,0.600913819,0.15,0.694666667,0.070824207,0.44,0.05
 Napa,6055,0.079,0.831,0.6525,0.455247894,0.95,0.694666667,0.15499091,0.44,0.95
 Nevada,6057,0.091,0.091,0.65875,0.143541828,0.95,0.694666667,0.058223962,0.44,0.05
 Orange,6059,0.026,0.682,0.01975,0.687770913,0.95,0.694666667,0.076680115,0.44,0.05
 Placer,6061,0.011,0.011,0.121,0.190123876,0.95,0.694666667,0.069113029,0.44,0.05
 Plumas,6063,0.265,0.527,1,0.338215451,0.95,0.694666667,0.040677365,0.44,0.95
 Riverside,6065,0.223,0.246,0.065,0.928858939,0.95,0.694666667,0.088158869,0.44,0.05
 Sacramento,6067,0.219,0.638,0.0655,0.503710417,0.95,0.694666667,0.078605777,0.44,0.05
 San Benito,6069,0.133,0.009,0.89925,0.79689067,0.15,0.694666667,0.045841319,0.44,0.05
 San Bernardino,6071,0.352,0.041,0.037,0.83983468,0.95,0.694666667,0.136208197,0.44,0.05
 San Diego,6073,0.057,0.895,0.0655,0.76697778,0.95,0.694666667,0.11886785,0.44,0.05
 San Francisco,6075,0.01,0.005,0.2825,0.692983196,0.95,0.694666667,0.137761708,0.44,0.05
 San Joaquin,6077,0.412,0.024,0.11625,1,0.95,0.694666667,0.089958709,0.44,0.05
 San Luis Obispo,6079,0.119,0.766,0.0665,0.697468761,0.15,0.694666667,0.068914273,0.44,0.05
 San Mateo,6081,0.012,0.449,0.32375,0.426361416,0.95,0.694666667,0.069460894,0.44,0.05
 Santa Barbara,6083,0.096,0.827,0.1585,0.767090898,0.15,0.694666667,0.091090827,0.44,0.05
 Santa Clara,6085,0.02,0.543,0.05725,0.597713314,0.15,0.694666667,0.072205204,0.44,0.05
 Santa Cruz,6087,0.1,0.875,0.62775,0.33847318,0.15,0.694666667,0.122677515,0.44,0.95
 Shasta,6089,0.373,0.034,0.433,0.2270909,0.95,0.694666667,0.065449116,0.44,0.05
 Sierra,6091,0.43,0.614,1,0.220785357,0.95,0.694666667,0.03084101,0.44,0.05
 Siskiyou,6093,0.531,0.541,0.79725,0.338989626,0.95,0.694666667,0.040445474,0.44,0.05
 Solano,6095,0.181,0.471,0.054,0.819550381,0.95,0.694666667,0.07110586,0.44,0.05
 Sonoma,6097,0.059,0.898,0.0995,0.279031083,0.95,0.694666667,0.109286259,0.44,0.05
 Stanislaus,6099,0.416,0,0.32825,1,0.15,0.694666667,0.088992902,0.44,0.05
 Sutter,6101,0.353,0.119,0.47375,1,0.95,0.694666667,0.074576192,0.44,0.05
 Tehama,6103,0.727,0.049,0.566,0.23304537,0.95,0.694666667,0.046338754,0.44,0.05
 Trinity,6105,0.692,0.267,0.9205,0.183209537,0.95,0.694666667,0.032293576,0.44,0.05
 Tulare,6107,0.548,0.036,0.355,0.657880287,0.15,0.694666667,0.078233455,0.44,0.05
 Tuolumne,6109,0.392,0.252,0.873,0.204793981,0.95,0.694666667,0.041227634,0.44,0.05
 Ventura,6111,0.04,0.883,0.04175,0.747795303,0.15,0.694666667,0.105273254,0.44,0.05
 Yolo,6113,0.057,0.029,0.337,1,0.95,0.694666667,0.064998462,0.44,0.05
 Yuba,6115,0.497,0.011,0.8225,0.283287569,0.95,0.694666667,0.066175623,0.44,0.95
 Adams,8001,0.143,0.001,0.07825,0.867095801,0.95,0.444333333,0.033817099,0.22,0.05
 Alamosa,8003,0.599,0.006,0.91175,0.919020847,0.95,0.444333333,0.041789415,0.22,0.95
 Arapahoe,8005,0.016,0.004,0.0815,0.832486983,0.95,0.444333333,0.032966181,0.22,0.05
 Archuleta,8007,0.326,0.288,0.7435,0.383239081,0.95,0.444333333,0.044200409,0.22,0.95
 Baca,8009,0.559,0.494,0.93275,1,0.15,0.444333333,0.025674778,0.22,0.95
 Bent,8011,0.78,0.428,0.9365,0.96207984,0.95,0.444333333,0.020639942,0.22,0.95
 Boulder,8013,0.006,0.076,0.20175,0.527317481,0.15,0.444333333,0.084710623,0.22,0.05
 Broomfield,8014,0.002,0.021,0.39,0.687195914,0.15,0.444333333,0.0570991,0.22,0.05
 Chaffee,8015,0.18,0.279,0.87225,0.493724573,0.95,0.444333333,0.049205954,0.22,0.95
 Cheyenne,8017,0.349,0.604,0.744,1,0.95,0.444333333,0.022406203,0.22,0.95
 Clear Creek,8019,0.075,0.653,0.861,0.340028673,0.95,0.444333333,0.039075377,0.22,0.05
 Conejos,8021,0.648,0.177,1,0.540242569,0.95,0.444333333,0.034197402,0.22,0.95
 Costilla,8023,0.811,0.413,1,0.68714609,0.95,0.444333333,0.019757108,0.22,0.95
 Crowley,8025,0.731,0.268,1,0.906694965,0.95,0.444333333,0.019826414,0.22,0.95
 Custer,8027,0.499,0.789,0.95225,0.747455942,0.95,0.444333333,0.037883742,0.22,0.95
 Delta,8029,0.638,0.301,0.7365,0.566981013,0.95,0.444333333,0.053721805,0.22,0.95
 Denver,8031,0.07,0.019,0.02875,0.712018558,0.95,0.444333333,0.219027479,0.22,0.05
 Dolores,8033,0.38,0.115,0.8625,0.565104915,0.2,0.444333333,0.035798727,0.22,0.95
 Douglas,8035,0.006,0.354,0.0745,0.785922546,0.95,0.444333333,0.069401626,0.22,0.05
 Eagle,8037,0.108,0.313,0.486,0.364643539,0.95,0.444333333,0.050981894,0.22,0.05
 Elbert,8039,0.089,0.734,0.68175,0.925800664,0.95,0.444333333,0.033915463,0.22,0.05
 El Paso,8041,0.084,0.063,0.1445,0.815335589,0.95,0.444333333,0.032456997,0.22,0.05
 Fremont,8043,0.443,0.173,0.915,0.751175745,0.95,0.444333333,0.032864975,0.22,0.95
 Garfield,8045,0.311,0.65,0.16525,0.543612396,0.15,0.444333333,0.037842339,0.22,0.05
 Gilpin,8047,0.132,0.594,1,0.488662829,0.95,0.444333333,0.059320894,0.22,0.95
 Grand,8049,0.194,0.45,0.89425,0.390426429,0.15,0.444333333,0.032853048,0.22,0.95
 Gunnison,8051,0.08,0.277,0.90775,0.412930326,0.95,0.444333333,0.033851848,0.22,0.95
 Hinsdale,8053,0.181,0.38,1,0.338122733,0.95,0.444333333,0.035815144,0.22,0.95
 Huerfano,8055,0.754,0.836,0.9365,0.860050722,0.2,0.444333333,0.023086769,0.22,0.05
 Jackson,8057,0.281,0.459,0.81075,0.310205885,0.15,0.444333333,0.029469895,0.22,0.95
 Jefferson,8059,0.005,0.097,0.06525,0.61158364,0.95,0.444333333,0.080662914,0.22,0.05
 Kiowa,8061,0.284,0.314,0.9405,0.98842649,0.95,0.444333333,0.022026933,0.22,0.95
 Kit Carson,8063,0.343,0.255,0.74875,1,0.95,0.444333333,0.02347396,0.22,0.05
 Lake,8065,0.355,0.057,0.936,0.366809692,0.95,0.444333333,0.032535388,0.22,0.95
 La Plata,8067,0.126,0.687,0.33625,0.504197668,0.2,0.444333333,0.032390518,0.22,0.95
 Larimer,8069,0.016,0.134,0.32575,0.509604226,0.15,0.444333333,0.049594689,0.22,0.05
 Las Animas,8071,0.743,0.544,0.67575,0.8953559,0.2,0.444333333,0.019846171,0.22,0.05
 Lincoln,8073,0.261,0.574,0.71525,1,0.95,0.444333333,0.018780838,0.22,0.05
 Logan,8075,0.503,0.511,0.444,1,0.15,0.444333333,0.028966901,0.22,0.05
 Mesa,8077,0.221,0.044,0.09575,0.687050846,0.95,0.444333333,0.056276393,0.22,0.05
 Mineral,8079,0.058,0.362,1,0.391118157,0.95,0.444333333,0.041213373,0.22,0.95
 Moffat,8081,0.297,0.237,0.42,0.727618077,0.15,0.444333333,0.024726122,0.22,0.05
 Montezuma,8083,0.45,0.283,0.4625,0.834116749,0.2,0.444333333,0.026083662,0.22,0.95
 Montrose,8085,0.414,0.258,0.83925,0.680869764,0.95,0.444333333,0.048122779,0.22,0.95
 Morgan,8087,0.479,0.54,0.1505,0.919885679,0.15,0.444333333,0.032631612,0.22,0.05
 Otero,8089,0.71,0.101,0.87125,0.912015454,0.95,0.444333333,0.025398532,0.22,0.95
 Ouray,8091,0.136,0.483,0.923,0.464140927,0.95,0.444333333,0.033996256,0.22,0.95
 Park,8093,0.139,0.675,1,0.619635011,0.95,0.444333333,0.030218414,0.22,0.95
 Phillips,8095,0.345,0.226,0.944,1,0.95,0.444333333,0.033001826,0.22,0.95
 Pitkin,8097,0.102,0.19,1,0.232830345,0.95,0.444333333,0.079330361,0.22,0.95
 Prowers,8099,0.596,0.39,0.744,1,0.95,0.444333333,0.023365187,0.22,0.95
 Pueblo,8101,0.468,0.056,0.6275,0.847914412,0.95,0.444333333,0.025498633,0.22,0.05
 Rio Blanco,8103,0.271,0.837,0.424,0.658044068,0.1,0.444333333,0.027366802,0.22,0.95
 Rio Grande,8105,0.573,0.002,0.8955,0.63010001,0.95,0.444333333,0.047147841,0.22,0.95
 Routt,8107,0.048,0.287,0.64825,0.386173756,0.15,0.444333333,0.040090234,0.22,0.95
 Saguache,8109,0.647,0.323,1,0.734515736,0.95,0.444333333,0.034007782,0.22,0.95
 San Juan,8111,0.138,0.236,1,0.151339116,0.95,0.444333333,0.053210006,0.22,0.95
 San Miguel,8113,0.068,0.563,0.84925,0.54726516,0.95,0.444333333,0.029222833,0.22,0.95
 Sedgwick,8115,0.516,0.395,0.95075,1,0.15,0.444333333,0.025228226,0.22,0.05
 Summit,8117,0.13,0.145,0.7215,0.28591274,0.95,0.444333333,0.059152185,0.22,0.05
 Teller,8119,0.206,0.7,0.71675,0.743150848,0.95,0.444333333,0.030068897,0.22,0.95
 Washington,8121,0.313,0.65,0.93325,1,0.15,0.444333333,0.021422599,0.22,0.05
 Weld,8123,0.032,0.193,0.02375,0.929188543,0.15,0.444333333,0.038580796,0.22,0.05
 Yuma,8125,0.638,0.721,0.4985,1,0.95,0.444333333,0.024884118,0.22,0.05
Western Connecticut,9190,0.003,0.969,0.05025,0.019310259,0.95,0.384,0.06657712,0.56,0.95
Greater Bridgeport,9120,0.003,0.969,0.05025,0.037476146,0.95,0.384,0.06657712,0.56,0.95
Capitol Planning Region,9110,0.023,0.886,0.356125,0.01104634,0.95,0.384,0.075386937,0.56,0.95
Northwest Hills,9160,0.067,0.847,0.60125,0,0.95,0.384,0.075414931,0.56,0.95
Lower Connecticut River Valley,9130,0.018,0.948,0.337,0.008523739,0.95,0.384,0.07728945,0.56,0.95
South Central Connecticut,9170,0.028,0.98,0.07125,0,0.95,0.384,0.099833299,0.56,0.95
Naugatuck Valley,9140,0.042,0.933,0.33625,0,0.95,0.384,0.087624115,0.56,0.95
Southeastern Connecticut,9180,0.041,0.988,0.35175,0.050591628,0.95,0.384,0.068700682,0.56,0.95
Northeastern Connecticut,9150,0.09,0.544,0.383875,0.035433127,0.95,0.384,0.067862465,0.56,0.95
 Kent,10001,0.365,0.99,0.257,0.322488452,0.95,0.4275,0.058321481,0.58,0.05
 New Castle,10003,0.074,0.985,0.05325,0.195961646,0.95,0.4275,0.066288051,0.58,0.05
 Sussex,10005,0.272,0.999,0.57175,0.288576459,0.95,0.4275,0.061471989,0.58,0.05
 District of Columbia,11001,0.107,0.491,0.04325,0.117287738,0.95,0.4275,0.053210006,0.5,0.05
 Alachua,12001,0.276,0.49,0.10525,0.364921335,0.95,0.428833333,0.056720341,0.06,0.05
 Baker,12003,0.827,0.899,1,0.504094854,0.95,0.428833333,0.056626985,0.06,0.05
 Bay,12005,0.51,0.943,0.378,0,0.95,0.428833333,0.048459576,0.06,0.05
 Bradford,12007,0.96,0.532,0.816,0.497986252,0.95,0.428833333,0.04866134,0.06,0.95
 Brevard,12009,0.462,0.929,0.07025,0.341244967,0.95,0.428833333,0.054976516,0.06,0.05
 Broward,12011,0.231,0.931,0.048,0.190678219,0.95,0.428833333,0.117843001,0.06,0.05
 Calhoun,12013,0.832,0.908,1,0,0.95,0.428833333,0.042004561,0.06,0.05
 Charlotte,12015,0.751,0.925,0.50425,0.384233933,0.95,0.428833333,0.057033858,0.06,0.05
 Citrus,12017,0.914,0.959,0.185,0.293323231,0.95,0.428833333,0.073544294,0.06,0.05
 Clay,12019,0.395,0.933,0.179,0.30725332,0.95,0.428833333,0.052122229,0.06,0.95
 Collier,12021,0.496,0.928,0.18,0.481933504,0.95,0.428833333,0.048798063,0.06,0.05
 Columbia,12023,0.895,0.562,0.86875,0.44478239,0.95,0.428833333,0.054708537,0.06,0.05
 DeSoto,12027,0.978,0.994,0.86175,0.474074364,0.95,0.428833333,0.050592198,0.06,0.95
 Dixie,12029,0.994,0.97,0.944,0.296625097,0.95,0.428833333,0.042890909,0.06,0.95
 Duval,12031,0.505,0.945,0.053,0.34197832,0.95,0.428833333,0.072700146,0.06,0.05
 Escambia,12033,0.467,0.956,0.124,0.018873749,0.15,0.428833333,0.05531055,0.06,0.05
 Flagler,12035,0.684,0.955,0.8745,0.381051425,0.95,0.428833333,0.048773963,0.06,0.05
 Franklin,12037,0.78,0.965,1,0.260127248,0.95,0.428833333,0.049321307,0.06,0.95
 Gadsden,12039,0.874,0.454,0.79175,0.21880064,0.95,0.428833333,0.041568443,0.06,0.05
 Gilchrist,12041,0.882,0.867,0.883,0.422360494,0.95,0.428833333,0.05111241,0.06,0.95
 Glades,12043,0.956,0.936,1,0.520702908,0.95,0.428833333,0.042565295,0.06,0.95
 Gulf,12045,0.825,0.97,0.9115,0.085609278,0.95,0.428833333,0.053210006,0.06,0.95
 Hamilton,12047,0.959,0.583,0.93375,0.50273265,0.95,0.428833333,0.042213968,0.06,0.05
 Hardee,12049,0.894,0.932,0.6155,0.4886054,0.95,0.428833333,0.050920358,0.06,0.95
 Hendry,12051,0.993,0.888,0.5145,0.630913302,0.95,0.428833333,0.042671048,0.06,0.95
 Hernando,12053,0.747,0.941,0.46625,0.267094374,0.95,0.428833333,0.068093308,0.06,0.05
 Highlands,12055,0.884,0.467,0.9505,0.484181603,0.95,0.428833333,0.047085457,0.06,0.95
 Hillsborough,12057,0.314,0.949,0.04075,0.239626278,0.95,0.428833333,0.07737462,0.06,0.05
 Holmes,12059,0.931,0.913,0.945,0.173867016,0.95,0.428833333,0.042264999,0.06,0.05
 Indian River,12061,0.695,0.923,0.74225,0.516225113,0.95,0.428833333,0.051031836,0.06,0.05
 Jackson,12063,0.834,0.679,0.82225,0.097346532,0.95,0.428833333,0.040309587,0.06,0.05
 Jefferson,12065,0.724,0.952,0.88875,0.253879911,0.95,0.428833333,0.044483238,0.06,0.05
 Lafayette,12067,0.91,0.914,0.9465,0.3404426,0.95,0.428833333,0.043105102,0.06,0.95
 Lake,12069,0.615,0.935,0.125,0.411797045,0.95,0.428833333,0.068509311,0.06,0.05
 Lee,12071,0.622,0.946,0.06675,0.285934947,0.95,0.428833333,0.071597453,0.06,0.05
 Leon,12073,0.17,0.881,0.16225,0.198664935,0.95,0.428833333,0.053297004,0.06,0.05
 Levy,12075,0.99,0.957,0.85875,0.396453445,0.95,0.428833333,0.049590738,0.06,0.05
 Liberty,12077,0.772,0.927,0.9305,0.166316513,0.95,0.428833333,0.042671048,0.06,0.05
 Madison,12079,0.879,0.49,0.87325,0.395792028,0.95,0.428833333,0.042023217,0.06,0.05
 Manatee,12081,0.554,0.93,0.17375,0.264630242,0.95,0.428833333,0.061091473,0.06,0.05
 Marion,12083,0.812,0.961,0.319,0.496132146,0.95,0.428833333,0.071279265,0.06,0.05
 Martin,12085,0.517,0.912,0.19425,0.351298748,0.95,0.428833333,0.053502501,0.06,0.05
 Miami-Dade,12086,0.492,0.938,0.0295,0.220806321,0.95,0.428833333,0.140209292,0.06,0.05
 Monroe,12087,0.403,0.878,0.42175,0.418300974,0.95,0.428833333,0.053210006,0.06,0.05
 Nassau,12089,0.616,0.951,0.461,0.464498223,0.95,0.428833333,0.043906833,0.06,0.05
 Okaloosa,12091,0.342,0.947,0.1805,0,0.95,0.428833333,0.059039445,0.06,0.05
 Okeechobee,12093,0.973,0.825,0.7335,0.440451143,0.95,0.428833333,0.047317938,0.06,0.95
 Orange,12095,0.169,0.058,0.023,0.229473365,0.95,0.428833333,0.062933712,0.06,0.05
 Osceola,12097,0.498,0.385,0.2095,0.34606257,0.95,0.428833333,0.042357625,0.06,0.05
 Palm Beach,12099,0.288,0.745,0.02475,0.269750632,0.95,0.428833333,0.055047757,0.06,0.05
 Pasco,12101,0.584,0.958,0.133,0.340693939,0.95,0.428833333,0.069118699,0.06,0.05
 Pinellas,12103,0.385,0.916,0.085,0.163133868,0.95,0.428833333,0.100856576,0.06,0.95
 Polk,12105,0.611,0.65,0.0785,0.463768579,0.95,0.428833333,0.052898433,0.06,0.05
 Putnam,12107,0.958,0.965,0.8815,0.383399815,0.95,0.428833333,0.043839837,0.06,0.95
 St. Johns,12109,0.256,0.955,0.4945,0.344802163,0.95,0.428833333,0.073076526,0.06,0.05
 St. Lucie,12111,0.849,0.924,0.17,0.482561807,0.95,0.428833333,0.050113525,0.06,0.05
 Santa Rosa,12113,0.522,0.979,0.37125,0,0.15,0.428833333,0.050417601,0.06,0.05
 Sarasota,12115,0.364,0.926,0.148,0.250262059,0.95,0.428833333,0.071262769,0.06,0.05
 Seminole,12117,0.152,0.911,0.135,0.207228297,0.95,0.428833333,0.07029934,0.06,0.95
 Sumter,12119,0.659,0.322,0.78575,0.428738034,0.95,0.428833333,0.060663365,0.06,0.05
 Suwannee,12121,0.987,0.574,0.5925,0.506959984,0.95,0.428833333,0.050468102,0.06,0.05
 Taylor,12123,0.986,0.977,0.94,0.32999877,0.95,0.428833333,0.041892449,0.06,0.95
 Union,12125,0.996,0.508,1,0.462852248,0.95,0.428833333,0.042694003,0.06,0.05
 Volusia,12127,0.664,0.934,0.15375,0.337583011,0.95,0.428833333,0.072492303,0.06,0.05
 Wakulla,12129,0.741,0.979,0.7005,0.233578148,0.95,0.428833333,0.059870006,0.06,0.95
 Walton,12131,0.813,0.986,0.6415,0.027675769,0.95,0.428833333,0.046444353,0.06,0.05
 Washington,12133,0.9,0.916,0.819,0.041902683,0.95,0.428833333,0.043313713,0.06,0.05
 Appling,13001,0.912,0.549,0.795,0.425747582,0.95,0.502666667,0.036136509,0.14,0.05
 Atkinson,13003,0.938,0.482,1,0.479745101,0.95,0.502666667,0.036298824,0.14,0.95
 Bacon,13005,0.979,0.42,0.85975,0.479895606,0.95,0.502666667,0.037888914,0.14,0.05
 Baker,13007,0.802,0.335,1,0.3557191,0.95,0.502666667,0.038162038,0.14,0.05
 Baldwin,13009,0.673,0.063,0.90275,0.386710678,0.95,0.502666667,0.033718447,0.14,0.95
 Banks,13011,0.665,0.446,0.93175,0.193010178,0.95,0.502666667,0.052099667,0.14,0.05
 Barrow,13013,0.477,0.137,0.6475,0.145349144,0.95,0.502666667,0.062684123,0.14,0.05
 Bartow,13015,0.686,0.255,0.61925,0.151694145,0.95,0.502666667,0.052709172,0.14,0.05
 Ben Hill,13017,0.839,0.139,0.94375,0.421412528,0.95,0.502666667,0.034425844,0.14,0.95
 Berrien,13019,0.912,0.337,0.9515,0.422995138,0.95,0.502666667,0.040513246,0.14,0.95
 Bibb,13021,0.723,0.048,0.3825,0.350407347,0.95,0.502666667,0.057866115,0.14,0.05
 Bleckley,13023,0.678,0.054,1,0.428205008,0.95,0.502666667,0.034099851,0.14,0.95
 Brantley,13025,0.961,0.909,0.729,0.433090177,0.95,0.502666667,0.036049643,0.14,0.05
 Brooks,13027,0.901,0.356,0.952,0.389077634,0.95,0.502666667,0.043023197,0.14,0.05
 Bryan,13029,0.601,0.949,0.93475,0.473613319,0.95,0.502666667,0.037404841,0.14,0.05
 Bulloch,13031,0.688,0.412,0.743,0.483865855,0.95,0.502666667,0.038641697,0.14,0.05
 Burke,13033,0.948,0.87,0.48175,0.36806035,0.95,0.502666667,0.033461763,0.14,0.05
 Butts,13035,0.864,0.188,0.96175,0.280715004,0.95,0.502666667,0.044825523,0.14,0.95
 Calhoun,13037,0.945,0.244,1,0.387404878,0.95,0.502666667,0.034271813,0.14,0.95
 Camden,13039,0.631,0.961,0.77025,0.478952225,0.95,0.502666667,0.037226296,0.14,0.05
 Candler,13043,0.911,0.332,0.87075,0.499550654,0.95,0.502666667,0.032697601,0.14,0.95
 Carroll,13045,0.692,0.348,0.42075,0.17953587,0.95,0.502666667,0.050211186,0.14,0.05
 Catoosa,13047,0.451,0.094,0.6895,0.124691909,0.95,0.502666667,0.057287541,0.14,0.05
 Charlton,13049,0.972,0.988,1,0.506155428,0.95,0.502666667,0.034962412,0.14,0.05
 Chatham,13051,0.509,0.948,0.357,0.337618898,0.95,0.502666667,0.04315962,0.14,0.05
 Chattahoochee,13053,0.257,0.201,1,0.312893148,0.95,0.502666667,0.056810094,0.14,0.05
 Chattooga,13055,0.954,0.32,0.86775,0.03688816,0.95,0.502666667,0.045597013,0.14,0.95
 Cherokee,13057,0.158,0.181,0.38425,0.095102722,0.95,0.502666667,0.062207144,0.14,0.05
 Clarke,13059,0.197,0.037,0.4225,0.21656286,0.95,0.502666667,0.08749846,0.14,0.95
 Clay,13061,0.974,0.364,1,0.28348616,0.95,0.502666667,0.036508755,0.14,0.95
 Clayton,13063,0.619,0.036,0.38175,0,0.95,0.502666667,0.05208462,0.14,0.05
 Clinch,13065,0.992,0.713,0.91675,0.464668321,0.95,0.502666667,0.039948234,0.14,0.05
 Cobb,13067,0.058,0.117,0.0595,0.016346493,0.95,0.502666667,0.091844932,0.14,0.05
 Coffee,13069,0.886,0.366,0.51475,0.475513883,0.95,0.502666667,0.040246341,0.14,0.95
 Colquitt,13071,0.843,0.189,0.81425,0.445882352,0.95,0.502666667,0.040489055,0.14,0.95
 Columbia,13073,0.115,0.766,0.4985,0.364252123,0.95,0.502666667,0.050746891,0.14,0.05
 Cook,13075,0.822,0.234,0.89475,0.425925502,0.95,0.502666667,0.039874588,0.14,0.05
 Coweta,13077,0.166,0.291,0.62825,0.197466174,0.95,0.502666667,0.049329252,0.14,0.05
 Crawford,13079,0.708,0.254,0.95575,0.389368116,0.95,0.502666667,0.045243242,0.14,0.05
 Crisp,13081,0.819,0.142,0.84575,0.411813649,0.95,0.502666667,0.034647125,0.14,0.05
 Dade,13083,0.65,0.248,0.82725,0.111075991,0.95,0.502666667,0.042121027,0.14,0.05
 Dawson,13085,0.312,0.325,0.931,0,0.95,0.502666667,0.060241974,0.14,0.95
 Decatur,13087,0.879,0.371,0.7585,0.335102347,0.95,0.502666667,0.039350225,0.14,0.95
 DeKalb,13089,0.293,0.185,0.08275,0,0.95,0.502666667,0.197609757,0.14,0.05
 Dodge,13091,0.795,0.169,0.9105,0.36627268,0.95,0.502666667,0.034346062,0.14,0.05
 Dooly,13093,0.838,0.133,0.91125,0.46451678,0.95,0.502666667,0.035474302,0.14,0.05
 Dougherty,13095,0.782,0.068,0.472,0.332054643,0.95,0.502666667,0.039845091,0.14,0.05
 Douglas,13097,0.415,0.134,0.6475,0.127519325,0.95,0.502666667,0.053969271,0.14,0.05
 Early,13099,0.887,0.246,1,0.314435683,0.95,0.502666667,0.037336675,0.14,0.95
 Echols,13101,0.848,0.629,1,0.450720677,0.95,0.502666667,0.039449695,0.14,0.05
 Effingham,13103,0.769,0.946,0.611,0.397995981,0.95,0.502666667,0.041516556,0.14,0.95
 Elbert,13105,0.757,0.436,1,0.302589699,0.95,0.502666667,0.041957884,0.14,0.95
 Emanuel,13107,0.936,0.299,0.8515,0.451805747,0.95,0.502666667,0.033220796,0.14,0.95
 Evans,13109,0.955,0.425,0.95075,0.504423165,0.95,0.502666667,0.036962164,0.14,0.05
 Fannin,13111,0.894,0.283,0.9295,0,0.95,0.502666667,0.065109913,0.14,0.95
 Fayette,13113,0.038,0.16,0.4155,0.165284964,0.95,0.502666667,0.064659927,0.14,0.95
 Floyd,13115,0.753,0.282,0.39825,0.092787716,0.95,0.502666667,0.046713598,0.14,0.95
 Forsyth,13117,0.033,0.125,0.1355,0.040311973,0.95,0.502666667,0.070031234,0.14,0.95
 Franklin,13119,0.832,0.314,0.753,0.25966891,0.95,0.502666667,0.052850254,0.14,0.05
 Fulton,13121,0.103,0.243,0.03225,0.047553751,0.95,0.502666667,0.099060883,0.14,0.05
 Gilmer,13123,0.878,0.526,0.70275,0,0.95,0.502666667,0.056314683,0.14,0.95
 Glascock,13125,0.891,0.172,1,0.484694075,0.95,0.502666667,0.030438093,0.14,0.95
 Glynn,13127,0.707,0.945,0.63875,0.403531478,0.95,0.502666667,0.113215899,0.14,0.05
 Gordon,13129,0.806,0.347,0.8415,0.083975512,0.95,0.502666667,0.0514182,0.14,0.05
 Grady,13131,0.851,0.286,0.8715,0.349695018,0.95,0.502666667,0.039370139,0.14,0.05
 Greene,13133,0.642,0.132,0.904,0.369948539,0.95,0.502666667,0.046054556,0.14,0.05
 Gwinnett,13135,0.204,0.127,0.08075,0,0.95,0.502666667,0.079783568,0.14,0.05
 Habersham,13137,0.724,0.461,0.6115,0,0.95,0.502666667,0.059099158,0.14,0.95
 Hall,13139,0.241,0.096,0.4105,0.100775489,0.95,0.502666667,0.073688034,0.14,0.95
 Hancock,13141,0.765,0.265,0.90825,0.43596637,0.95,0.502666667,0.031163366,0.14,0.95
 Haralson,13143,0.714,0.418,0.65525,0.254859749,0.95,0.502666667,0.051143071,0.14,0.05
 Harris,13145,0.285,0.28,0.96125,0.29877044,0.95,0.502666667,0.040479374,0.14,0.05
 Hart,13147,0.819,0.427,0.6385,0.17706563,0.95,0.502666667,0.053366815,0.14,0.05
 Heard,13149,0.787,0.399,0.573,0.182338665,0.95,0.502666667,0.041643799,0.14,0.95
 Henry,13151,0.405,0.063,0.19225,0.179195409,0.95,0.502666667,0.059221712,0.14,0.05
 Houston,13153,0.507,0.048,0.42,0.383432508,0.95,0.502666667,0.044386218,0.14,0.05
 Irwin,13155,0.832,0.396,0.85975,0.45883272,0.95,0.502666667,0.034590521,0.14,0.95
 Jackson,13157,0.528,0.314,0.66075,0.225424569,0.95,0.502666667,0.057225938,0.14,0.05
 Jasper,13159,0.79,0.174,0.93,0.360962537,0.95,0.502666667,0.042334487,0.14,0.95
 Jeff Davis,13161,0.961,0.389,0.919,0.407785364,0.95,0.502666667,0.035007222,0.14,0.05
 Jefferson,13163,0.894,0.16,0.8565,0.443394783,0.95,0.502666667,0.037284154,0.14,0.95
 Jenkins,13165,0.981,0.394,0.8755,0.430954813,0.95,0.502666667,0.034191671,0.14,0.05
 Johnson,13167,0.889,0.225,1,0.448214629,0.95,0.502666667,0.032625606,0.14,0.95
 Jones,13169,0.439,0.115,0.8185,0.416682728,0.95,0.502666667,0.037362907,0.14,0.95
 Lamar,13171,0.67,0.261,0.7175,0.344385482,0.95,0.502666667,0.045208579,0.14,0.05
 Lanier,13173,0.862,0.424,0.9585,0.42148233,0.95,0.502666667,0.040338744,0.14,0.95
 Laurens,13175,0.68,0.191,0.81475,0.419473645,0.95,0.502666667,0.031043664,0.14,0.05
 Lee,13177,0.458,0.148,0.94175,0.327933468,0.95,0.502666667,0.037368151,0.14,0.05
 Liberty,13179,0.684,0.93,0.8085,0.44795322,0.95,0.502666667,0.036535582,0.14,0.05
 Lincoln,13181,0.818,0.221,1,0.377165913,0.95,0.502666667,0.038545226,0.14,0.95
 Long,13183,0.919,0.896,1,0.465879567,0.95,0.502666667,0.039687405,0.14,0.05
 Lowndes,13185,0.533,0.23,0.42625,0.357407053,0.95,0.502666667,0.039285434,0.14,0.05
 Lumpkin,13187,0.682,0.345,0.7115,0,0.95,0.502666667,0.062370732,0.14,0.95
 McDuffie,13189,0.855,0.122,0.92575,0.385711422,0.95,0.502666667,0.033185385,0.14,0.05
 McIntosh,13191,0.906,0.965,0.795,0.444819727,0.95,0.502666667,0.028386069,0.14,0.05
 Macon,13193,0.892,0.123,0.95625,0.368705406,0.95,0.502666667,0.036690791,0.14,0.05
 Madison,13195,0.705,0.289,0.728,0.295863909,0.95,0.502666667,0.052694299,0.14,0.95
 Marion,13197,0.899,0.298,1,0.333571576,0.95,0.502666667,0.033379677,0.14,0.95
 Meriwether,13199,0.814,0.345,0.9565,0.281401261,0.95,0.502666667,0.042422342,0.14,0.05
 Miller,13201,0.683,0.224,1,0.341724489,0.95,0.502666667,0.039459628,0.14,0.95
 Mitchell,13205,0.94,0.211,0.743,0.357973708,0.95,0.502666667,0.039603379,0.14,0.05
 Monroe,13207,0.519,0.177,0.59775,0.393390464,0.95,0.502666667,0.040931887,0.14,0.05
 Montgomery,13209,0.634,0.308,1,0.427055611,0.95,0.502666667,0.036027893,0.14,0.95
 Morgan,13211,0.266,0.261,0.89325,0.281256672,0.95,0.502666667,0.047660423,0.14,0.05
 Murray,13213,0.952,0.314,0.55275,0,0.95,0.502666667,0.050285281,0.14,0.95
 Muscogee,13215,0.624,0.041,0.42425,0.21533808,0.95,0.502666667,0.042918312,0.14,0.05
 Newton,13217,0.528,0.086,0.66,0.187562468,0.95,0.502666667,0.04951956,0.14,0.05
 Oconee,13219,0.055,0.168,0.7915,0.243505469,0.95,0.502666667,0.051899942,0.14,0.95
 Oglethorpe,13221,0.688,0.269,0.94325,0.344287219,0.95,0.502666667,0.047077133,0.14,0.95
 Paulding,13223,0.342,0.071,0.612,0.172645947,0.95,0.502666667,0.055814874,0.14,0.95
 Peach,13225,0.658,0.076,0.94975,0.38832353,0.95,0.502666667,0.050238497,0.14,0.05
 Pickens,13227,0.696,0.407,0.8375,0.007850844,0.95,0.502666667,0.061564364,0.14,0.95
 Pierce,13229,0.823,0.462,1,0.479630594,0.95,0.502666667,0.034720572,0.14,0.05
 Pike,13231,0.418,0.344,0.91275,0.328655724,0.95,0.502666667,0.048491914,0.14,0.95
 Polk,13233,0.872,0.366,0.878,0.218292519,0.95,0.502666667,0.044991334,0.14,0.95
 Pulaski,13235,0.687,0.081,0.9475,0.382807129,0.95,0.502666667,0.036696131,0.14,0.95
 Putnam,13237,0.768,0.249,0.8935,0.370177252,0.95,0.502666667,0.042977626,0.14,0.95
 Quitman,13239,0.878,0.38,1,0.272254083,0.95,0.502666667,0.037837161,0.14,0.95
 Rabun,13241,0.75,0.634,0.88475,0,0.95,0.502666667,0.067183618,0.14,0.95
 Randolph,13243,0.923,0.354,1,0.346826431,0.95,0.502666667,0.033782314,0.14,0.05
 Richmond,13245,0.671,0.614,0.4055,0.301329165,0.95,0.502666667,0.041203862,0.14,0.05
 Rockdale,13247,0.426,0.051,0.38775,0.058558296,0.95,0.502666667,0.054114311,0.14,0.05
 Schley,13249,0.603,0.129,1,0.352436863,0.95,0.502666667,0.038884347,0.14,0.05
 Screven,13251,0.901,0.882,0.78675,0.392425103,0.95,0.502666667,0.033326801,0.14,0.95
 Seminole,13253,0.874,0.291,0.864,0.333777626,0.95,0.502666667,0.039558823,0.14,0.95
 Spalding,13255,0.684,0.108,0.53375,0.294115933,0.95,0.502666667,0.049768235,0.14,0.05
 Stephens,13257,0.642,0.184,0.896,0.129584505,0.95,0.502666667,0.054320324,0.14,0.95
 Stewart,13259,0.865,0.377,1,0.329924794,0.95,0.502666667,0.034346062,0.14,0.05
 Sumter,13261,0.719,0.102,0.839,0.379101132,0.95,0.502666667,0.03550191,0.14,0.05
 Talbot,13263,0.756,0.292,0.784,0.316547881,0.95,0.502666667,0.031049975,0.14,0.95
 Taliaferro,13265,0.835,0.272,1,0.392401474,0.95,0.502666667,0.043498806,0.14,0.05
 Tattnall,13267,0.909,0.559,0.858,0.446533194,0.95,0.502666667,0.037852694,0.14,0.95
 Taylor,13269,0.785,0.218,0.8105,0.31824107,0.95,0.502666667,0.036169031,0.14,0.95
 Telfair,13271,0.763,0.452,0.9455,0.394377042,0.95,0.502666667,0.030993124,0.14,0.05
 Terrell,13273,0.741,0.142,0.8455,0.372535033,0.95,0.502666667,0.035908036,0.14,0.05
 Thomas,13275,0.611,0.307,0.59475,0.347926012,0.95,0.502666667,0.0401342,0.14,0.05
 Tift,13277,0.543,0.181,0.59425,0.464964121,0.95,0.502666667,0.041099103,0.14,0.05
 Toombs,13279,0.883,0.317,0.8035,0.442721728,0.95,0.502666667,0.036315016,0.14,0.95
 Towns,13281,0.672,0.305,0.707,0,0.95,0.502666667,0.054833757,0.14,0.95
 Treutlen,13283,0.833,0.273,0.795,0.469653967,0.95,0.502666667,0.030386547,0.14,0.95
 Troup,13285,0.614,0.182,0.66525,0.22512564,0.95,0.502666667,0.044395047,0.14,0.05
 Turner,13287,0.853,0.174,1,0.428563704,0.95,0.502666667,0.035962566,0.14,0.05
 Twiggs,13289,0.744,0.147,1,0.401981173,0.95,0.502666667,0.030418773,0.14,0.05
 Union,13291,0.714,0.434,0.91725,0,0.95,0.502666667,0.056373806,0.14,0.95
 Upson,13293,0.77,0.316,0.91525,0.363710484,0.95,0.502666667,0.038712627,0.14,0.95
 Walker,13295,0.774,0.178,0.9395,0.020122665,0.95,0.502666667,0.047922836,0.14,0.05
 Walton,13297,0.439,0.12,0.35375,0.210942307,0.95,0.502666667,0.051433442,0.14,0.95
 Ware,13299,0.881,0.322,0.91575,0.517937623,0.95,0.502666667,0.034522474,0.14,0.05
 Warren,13301,0.761,0.203,1,0.455038003,0.95,0.502666667,0.033903906,0.14,0.05
 Washington,13303,0.798,0.17,0.87075,0.445256946,0.95,0.502666667,0.032475104,0.14,0.95
 Wayne,13305,0.812,0.46,0.912,0.438374804,0.95,0.502666667,0.03745196,0.14,0.05
 Webster,13307,0.627,0.219,0.83575,0.325082097,0.95,0.502666667,0.032960236,0.14,0.05
 Wheeler,13309,0.867,0.381,0.84225,0.372413125,0.95,0.502666667,0.037774963,0.14,0.05
 White,13311,0.642,0.402,0.8395,0,0.95,0.502666667,0.067040546,0.14,0.95
 Whitfield,13313,0.724,0.18,0.60125,0.154748596,0.95,0.502666667,0.052313614,0.14,0.05
 Wilcox,13315,0.698,0.129,1,0.41562678,0.95,0.502666667,0.033315039,0.14,0.95
 Wilkes,13317,0.85,0.294,0.91675,0.408903727,0.95,0.502666667,0.037634641,0.14,0.95
 Wilkinson,13319,0.608,0.159,1,0.427730899,0.95,0.502666667,0.029970985,0.14,0.05
 Worth,13321,0.858,0.256,0.8055,0.426570494,0.95,0.502666667,0.038778375,0.14,0.05
 Hawaii,15001,0.506,0.928,0.62625,0.5,0.95,0.474,0.059012886,0.98,0.95
 Honolulu,15003,0.127,0.917,0.0515,0.5,0.95,0.474,0.108226812,0.98,0.95
 Kalawao,15005,0.339,0.692,0.5775,0.5,0.95,0.474,0.053210006,0.98,0.95
 Kauai,15007,0.33,0.942,0.8285,0.5,0.95,0.474,0.072023145,0.98,0.95
 Maui,15009,0.378,0.916,0.6605,0.5,0.95,0.474,0.053210006,0.98,0.95
 Ada,16001,0.005,0.014,0.12425,0.708659447,0.95,0.406,0.0716084,0.54,0.05
 Adams,16003,0.326,0.053,1,0.303840791,0.95,0.406,0.032841117,0.54,0.95
 Bannock,16005,0.178,0.207,0.43575,0.718315945,0.95,0.406,0.032847083,0.54,0.95
 Bear Lake,16007,0.146,0.454,1,0.590994075,0.95,0.406,0.032936447,0.54,0.05
 Benewah,16009,0.494,0.176,0.9615,0.180589345,0.95,0.406,0.032811269,0.54,0.95
 Bingham,16011,0.21,0.083,0.906,1,0.95,0.406,0.038535057,0.54,0.95
 Blaine,16013,0.11,0.748,0.93625,0.610616869,0.95,0.406,0.037331426,0.54,0.95
 Boise,16015,0.226,0.813,1,0.174490721,0.95,0.406,0.028365352,0.54,0.95
 Bonner,16017,0.311,0.161,0.71575,0.068546768,0.95,0.406,0.04906238,0.54,0.95
 Bonneville,16019,0.049,0.012,0.21775,0.479831502,0.95,0.406,0.04375035,0.54,0.05
 Boundary,16021,0.211,0.36,0.941,0.072680126,0.95,0.406,0.047226743,0.54,0.95
 Butte,16023,0.162,0.615,0.72075,0.645192703,0.95,0.406,0.036664078,0.54,0.95
 Camas,16025,0.294,0.339,1,0.522364937,0.95,0.406,0.028379165,0.54,0.95
 Canyon,16027,0.177,0.013,0.3915,1,0.95,0.406,0.072974558,0.54,0.05
 Caribou,16029,0.065,0.685,0.952,0.556252824,0.95,0.406,0.031841383,0.54,0.05
 Cassia,16031,0.267,0.127,0.659,0.809000066,0.95,0.406,0.041929853,0.54,0.05
 Clark,16033,0.517,0.688,1,0.558066699,0.95,0.406,0.034867001,0.54,0.95
 Clearwater,16035,0.467,0.423,1,0.001882927,0.95,0.406,0.037404841,0.54,0.95
 Custer,16037,0.378,0.756,0.94375,0.363878172,0.95,0.406,0.03749902,0.54,0.95
 Elmore,16039,0.577,0.096,0.7395,0.491506688,0.95,0.406,0.035595619,0.54,0.05
 Franklin,16041,0.307,0.465,0.902,0.63055159,0.95,0.406,0.03584249,0.54,0.95
 Fremont,16043,0.174,0.512,0.90925,0.327816261,0.95,0.406,0.043431181,0.54,0.95
 Gem,16045,0.641,0.021,1,0.420568013,0.95,0.406,0.03966271,0.54,0.95
 Gooding,16047,0.592,0.046,0.7185,1,0.95,0.406,0.052753765,0.54,0.05
 Idaho,16049,0.421,0.535,0.93625,0.135583582,0.95,0.406,0.0304574,0.54,0.95
 Jefferson,16051,0.168,0.034,0.915,0.882992729,0.95,0.406,0.04465032,0.54,0.95
 Jerome,16053,0.441,0.093,0.92575,1,0.95,0.406,0.059429804,0.54,0.05
 Kootenai,16055,0.072,0.069,0.135,0.137614211,0.95,0.406,0.065807417,0.54,0.05
 Latah,16057,0.121,0.227,0.91275,0.320132725,0.95,0.406,0.036845346,0.54,0.95
 Lemhi,16059,0.38,0.578,1,0.425722174,0.95,0.406,0.039330301,0.54,0.95
 Lewis,16061,0.479,0.07,1,0.436206362,0.95,0.406,0.033238487,0.54,0.95
 Lincoln,16063,0.498,0.474,1,1,0.95,0.406,0.047346918,0.54,0.95
 Madison,16065,0.199,0.021,0.8975,0.661891425,0.95,0.406,0.04619051,0.54,0.95
 Minidoka,16067,0.431,0.022,0.89175,1,0.95,0.406,0.049301438,0.54,0.05
 Nez Perce,16069,0.048,0.011,0.8175,0.487031774,0.95,0.406,0.035169177,0.54,0.95
 Oneida,16071,0.347,0.764,0.8465,0.759707902,0.95,0.406,0.032074386,0.54,0.05
 Owyhee,16073,0.607,0.047,1,0.723708792,0.95,0.406,0.028171256,0.54,0.05
 Payette,16075,0.446,0.019,0.8455,0.587539498,0.95,0.406,0.045104432,0.54,0.05
 Power,16077,0.331,0.728,0.9495,0.747407426,0.95,0.406,0.03924551,0.54,0.95
 Shoshone,16079,0.614,0.421,0.64775,0,0.95,0.406,0.057859342,0.54,0.05
 Teton,16081,0.103,0.491,0.88,0.346243653,0.95,0.406,0.046478094,0.54,0.95
 Twin Falls,16083,0.25,0.007,0.253,1,0.95,0.406,0.04901043,0.54,0.05
 Valley,16085,0.076,0.457,0.73775,0.098783752,0.95,0.406,0.039095431,0.54,0.95
 Washington,16087,0.487,0.139,1,0.506174425,0.95,0.406,0.030016717,0.54,0.95
 Adams,17001,0.106,0.056,0.6935,0.444553825,0.95,0.653,0.058159982,0.26,0.05
 Alexander,17003,0.749,0.725,0.92525,0.335237878,0.95,0.653,0.044917231,0.26,0.05
 Bond,17005,0.248,0.403,0.90625,0.461757282,0.15,0.653,0.055150893,0.26,0.95
 Boone,17007,0.216,0.148,0.862,0.31202089,0.15,0.653,0.060131277,0.26,0.05
 Brown,17009,0.326,0.192,0.83375,0.421604602,0.95,0.653,0.050746891,0.26,0.05
 Bureau,17011,0.298,0.321,1,0.399582424,0.15,0.653,0.063222621,0.26,0.05
 Calhoun,17013,0.484,0.439,1,0.38370572,0.95,0.653,0.046414809,0.26,0.95
 Carroll,17015,0.382,0.474,1,0.354885423,0.95,0.653,0.061669311,0.26,0.95
 Cass,17017,0.417,0.282,0.82425,0.415079646,0.15,0.653,0.054972951,0.26,0.05
 Champaign,17019,0.027,0.156,0.437,0.43743199,0.15,0.653,0.053072253,0.26,0.05
 Christian,17021,0.254,0.373,0.27225,0.500365082,0.15,0.653,0.065538875,0.26,0.05
 Clark,17023,0.324,0.475,0.61775,0.286615338,0.15,0.653,0.055182861,0.26,0.95
 Clay,17025,0.591,0.59,0.499,0.306983754,0.15,0.653,0.049432427,0.26,0.05
 Clinton,17027,0.272,0.285,0.7725,0.421124528,0.15,0.653,0.059508885,0.26,0.05
 Coles,17029,0.328,0.167,0.48075,0.405500607,0.15,0.653,0.063448478,0.26,0.05
 Cook,17031,0.175,0.016,0.0255,0.077544982,0.15,0.653,0.084116351,0.26,0.05
 Crawford,17033,0.382,0.374,0.35525,0.257348494,0.15,0.653,0.05128082,0.26,0.95
 Cumberland,17035,0.285,0.472,0.7715,0.355366585,0.15,0.653,0.059039445,0.26,0.05
 DeKalb,17037,0.068,0.162,0.57575,0.352426299,0.15,0.653,0.054947994,0.26,0.05
 De Witt,17039,0.123,0.128,0.61,0.447880038,0.15,0.653,0.066432743,0.26,0.05
 Douglas,17041,0.169,0.277,0.905,0.4339112,0.15,0.653,0.068038608,0.26,0.05
 DuPage,17043,0,0.25,0.053,0.001912904,0.15,0.653,0.150354913,0.26,0.05
 Edgar,17045,0.399,0.5,0.914,0.356561537,0.15,0.653,0.063107837,0.26,0.05
 Edwards,17047,0.348,0.25,0.6575,0.244995482,0.15,0.653,0.048057583,0.26,0.95
 Effingham,17049,0.243,0.529,0.67275,0.334677273,0.15,0.653,0.05501571,0.26,0.05
 Fayette,17051,0.488,0.52,0.53575,0.400232485,0.15,0.653,0.052276143,0.26,0.05
 Ford,17053,0.248,0.383,0.8365,0.404004935,0.15,0.653,0.062464914,0.26,0.05
 Franklin,17055,0.677,0.599,0.48825,0.27394015,0.15,0.653,0.047168618,0.26,0.05
 Fulton,17057,0.353,0.382,0.714,0.407428688,0.15,0.653,0.051760055,0.26,0.05
 Gallatin,17059,0.689,0.689,0.8355,0.264173817,0.15,0.653,0.047454403,0.26,0.95
 Greene,17061,0.424,0.187,0.86375,0.476475491,0.95,0.653,0.054815886,0.26,0.95
 Grundy,17063,0.14,0.291,0.291,0.39854308,0.15,0.653,0.063568812,0.26,0.05
 Hamilton,17065,0.535,0.617,0.748,0.241955691,0.15,0.653,0.04762752,0.26,0.95
 Hancock,17067,0.189,0.657,0.91475,0.471642973,0.95,0.653,0.06088906,0.26,0.05
 Hardin,17069,0.691,0.634,1,0.226423735,0.15,0.653,0.042606708,0.26,0.95
 Henderson,17071,0.172,0.666,0.92275,0.449571004,0.95,0.653,0.05895641,0.26,0.95
 Henry,17073,0.316,0.463,0.661,0.41074605,0.15,0.653,0.062724749,0.26,0.05
 Iroquois,17075,0.242,0.514,0.9135,0.390769001,0.15,0.653,0.058183562,0.26,0.05
 Jackson,17077,0.509,0.558,0.7105,0.277682966,0.15,0.653,0.04468103,0.26,0.05
 Jasper,17079,0.335,0.615,0.60825,0.308679188,0.15,0.653,0.054132414,0.26,0.95
 Jefferson,17081,0.643,0.404,0.228,0.273210027,0.15,0.653,0.044000456,0.26,0.05
 Jersey,17083,0.322,0.285,0.74425,0.474012755,0.95,0.653,0.05726017,0.26,0.95
 Jo Daviess,17085,0.352,0.717,0.8315,0.337833921,0.95,0.653,0.055783268,0.26,0.05
 Johnson,17087,0.538,0.442,1,0.257461311,0.15,0.653,0.041180077,0.26,0.95
 Kane,17089,0.04,0.194,0.163,0.297599319,0.15,0.653,0.069362086,0.26,0.05
 Kankakee,17091,0.211,0.209,0.71125,0.36480027,0.15,0.653,0.051372448,0.26,0.05
 Kendall,17093,0.07,0.149,0.47625,0.278180149,0.15,0.653,0.06784537,0.26,0.05
 Knox,17095,0.41,0.144,1,0.462483269,0.15,0.653,0.058197032,0.26,0.05
 Lake,17097,0.009,0.301,0.0925,0.194019226,0.15,0.653,0.078971381,0.26,0.05
 LaSalle,17099,0.297,0.369,0.47925,0.357580688,0.15,0.653,0.063027053,0.26,0.05
 Lawrence,17101,0.621,0.169,0.56325,0.266199933,0.15,0.653,0.052328595,0.26,0.05
 Lee,17103,0.259,0.343,0.93875,0.368724904,0.15,0.653,0.064571981,0.26,0.05
 Livingston,17105,0.316,0.401,0.8315,0.424038783,0.15,0.653,0.062939939,0.26,0.05
 Logan,17107,0.266,0.272,0.88925,0.445400371,0.15,0.653,0.06669181,0.26,0.05
 McDonough,17109,0.221,0.409,0.71975,0.466540428,0.95,0.653,0.062439813,0.26,0.95
 McHenry,17111,0.034,0.139,0.1665,0.284024348,0.15,0.653,0.057047599,0.26,0.95
 McLean,17113,0.034,0.048,0.41925,0.398035021,0.15,0.653,0.052653377,0.26,0.05
 Macon,17115,0.367,0.067,0.44625,0.483568227,0.15,0.653,0.049842989,0.26,0.05
 Macoupin,17117,0.37,0.214,0.6425,0.481343094,0.15,0.653,0.058933139,0.26,0.05
 Madison,17119,0.132,0.165,0.0685,0.441789214,0.15,0.653,0.052152297,0.26,0.05
 Marion,17121,0.653,0.206,0.407,0.246588443,0.15,0.653,0.048926395,0.26,0.05
 Marshall,17123,0.145,0.309,1,0.361302973,0.15,0.653,0.063989731,0.26,0.95
 Mason,17125,0.478,0.179,0.8435,0.481571606,0.15,0.653,0.05846578,0.26,0.05
 Massac,17127,0.627,0.705,0.7885,0.248890786,0.15,0.653,0.042376125,0.26,0.95
 Menard,17129,0.362,0.193,0.92,0.418685116,0.15,0.653,0.060232215,0.26,0.95
 Mercer,17131,0.361,0.679,1,0.444062081,0.95,0.653,0.060209437,0.26,0.05
 Monroe,17133,0.078,0.331,0.906,0.467057387,0.95,0.653,0.056401607,0.26,0.05
 Montgomery,17135,0.56,0.213,0.64475,0.500277861,0.15,0.653,0.059261405,0.26,0.05
 Morgan,17137,0.277,0.079,0.88775,0.457983535,0.15,0.653,0.062191392,0.26,0.05
 Moultrie,17139,0.202,0.318,1,0.517684267,0.15,0.653,0.067416551,0.26,0.95
 Ogle,17141,0.351,0.357,0.883,0.364750944,0.15,0.653,0.062030491,0.26,0.05
 Peoria,17143,0.209,0.087,0.35825,0.447581833,0.15,0.653,0.05317922,0.26,0.05
 Perry,17145,0.534,0.53,1,0.369450878,0.15,0.653,0.048584768,0.26,0.05
 Piatt,17147,0.104,0.276,0.94775,0.499732574,0.15,0.653,0.069215024,0.26,0.05
 Pike,17149,0.57,0.359,0.86175,0.427450225,0.95,0.653,0.056164858,0.26,0.05
 Pope,17151,0.712,0.803,1,0.267164625,0.15,0.653,0.040686999,0.26,0.95
 Pulaski,17153,0.796,0.804,0.93575,0.258827927,0.15,0.653,0.046402142,0.26,0.05
 Putnam,17155,0.129,0.263,1,0.319680619,0.15,0.653,0.061964116,0.26,0.95
 Randolph,17157,0.499,0.372,0.89575,0.427318587,0.15,0.653,0.054858766,0.26,0.05
 Richland,17159,0.321,0.092,0.43925,0.289948534,0.15,0.653,0.051847056,0.26,0.05
 Rock Island,17161,0.178,0.215,0.4065,0.379930199,0.95,0.653,0.059801233,0.26,0.05
 St. Clair,17163,0.33,0.24,0.17225,0.420424952,0.15,0.653,0.053210006,0.26,0.05
 Saline,17165,0.656,0.154,0.43575,0.248826506,0.15,0.653,0.043866648,0.26,0.05
 Sangamon,17167,0.11,0.073,0.37325,0.474063657,0.15,0.653,0.053344779,0.26,0.05
 Schuyler,17169,0.442,0.539,1,0.367041257,0.15,0.653,0.050545697,0.26,0.05
 Scott,17171,0.47,0.379,0.90625,0.436356888,0.95,0.653,0.056671953,0.26,0.05
 Shelby,17173,0.387,0.608,0.892,0.475239151,0.15,0.653,0.059026167,0.26,0.95
 Stark,17175,0.495,0.237,1,0.422972337,0.15,0.653,0.062518221,0.26,0.95
 Stephenson,17177,0.436,0.169,0.767,0.253588916,0.15,0.653,0.060144311,0.26,0.05
 Tazewell,17179,0.125,0.102,0.17525,0.46249889,0.15,0.653,0.0638088,0.26,0.05
 Union,17181,0.598,0.784,0.88525,0.25253352,0.15,0.653,0.04477741,0.26,0.05
 Vermilion,17183,0.58,0.3,0.85375,0.438003655,0.15,0.653,0.051536206,0.26,0.05
 Wabash,17185,0.405,0.222,0.398,0.255898867,0.15,0.653,0.047586358,0.26,0.95
 Warren,17187,0.265,0.334,1,0.448967314,0.95,0.653,0.063685842,0.26,0.05
 Washington,17189,0.212,0.346,0.82325,0.416867213,0.15,0.653,0.056231109,0.26,0.95
 Wayne,17191,0.602,0.77,0.41475,0.277810584,0.15,0.653,0.046881091,0.26,0.95
 White,17193,0.529,0.592,0.50075,0.273213925,0.15,0.653,0.046805793,0.26,0.95
 Whiteside,17195,0.227,0.364,1,0.398018491,0.15,0.653,0.059310983,0.26,0.05
 Will,17197,0.015,0.3,0.055,0.213319481,0.15,0.653,0.063408316,0.26,0.05
 Williamson,17199,0.478,0.438,0.1775,0.25009123,0.15,0.653,0.042922877,0.26,0.05
 Winnebago,17201,0.407,0.136,0.3745,0.274812128,0.15,0.653,0.056279875,0.26,0.05
 Woodford,17203,0.203,0.337,0.841,0.428001956,0.15,0.653,0.065619553,0.26,0.95
 Adams,18001,0.39,0.09,0.7675,0.320657831,0.15,0.6895,0.064971324,0.18,0.05
 Allen,18003,0.209,0.097,0.38125,0.304858585,0.15,0.6895,0.05529992,0.18,0.05
 Bartholomew,18005,0.358,0.097,0.8275,0.203238769,0.15,0.6895,0.049213918,0.18,0.05
 Benton,18007,0.449,0.405,1,0.400205613,0.15,0.6895,0.062637214,0.18,0.05
 Blackford,18009,0.55,0.088,1,0.365368708,0.15,0.6895,0.058759982,0.18,0.95
 Boone,18011,0.061,0.196,0.81725,0.310463795,0.15,0.6895,0.060927667,0.18,0.05
 Brown,18013,0.433,0.124,1,0.267230636,0.15,0.6895,0.052712889,0.18,0.05
 Carroll,18015,0.509,0.436,0.93775,0.317469055,0.15,0.6895,0.060475723,0.18,0.05
 Cass,18017,0.541,0.223,0.874,0.285424911,0.15,0.6895,0.05647452,0.18,0.05
 Clark,18019,0.475,0.112,0.8105,0.12666943,0.15,0.6895,0.04926963,0.18,0.05
 Clay,18021,0.44,0.451,1,0.220475749,0.15,0.6895,0.051162225,0.18,0.05
 Clinton,18023,0.44,0.241,0.95125,0.331754481,0.15,0.6895,0.060991957,0.18,0.95
 Crawford,18025,0.585,0.567,0.92925,0.139994573,0.15,0.6895,0.041275137,0.18,0.95
 Daviess,18027,0.699,0.442,0.66175,0.202582759,0.15,0.6895,0.059627311,0.18,0.05
 Dearborn,18029,0.222,0.422,0.466,0.178441912,0.95,0.6895,0.051376262,0.18,0.05
 Decatur,18031,0.429,0.209,0.735,0.210174775,0.15,0.6895,0.060744067,0.18,0.05
 DeKalb,18033,0.236,0.12,1,0.365267366,0.15,0.6895,0.058210499,0.18,0.05
 Delaware,18035,0.576,0.238,0.652,0.258265603,0.15,0.6895,0.045824218,0.18,0.05
 Dubois,18037,0.346,0.499,0.90275,0.107888146,0.15,0.6895,0.053780135,0.18,0.95
 Elkhart,18039,0.47,0.111,0.43575,0.309173093,0.15,0.6895,0.067914653,0.18,0.05
 Fayette,18041,0.593,0.127,0.93225,0.122330601,0.15,0.6895,0.060062804,0.18,0.95
 Floyd,18043,0.243,0.061,0.84275,0.21405382,0.15,0.6895,0.059833992,0.18,0.95
 Fountain,18045,0.593,0.693,1,0.354672344,0.15,0.6895,0.05695478,0.18,0.05
 Franklin,18047,0.447,0.428,1,0.107790953,0.15,0.6895,0.057574151,0.18,0.05
 Fulton,18049,0.529,0.283,0.9285,0.301027545,0.15,0.6895,0.054424838,0.18,0.05
 Gibson,18051,0.542,0.556,0.67975,0.206992472,0.15,0.6895,0.055047757,0.18,0.05
 Grant,18053,0.669,0.027,0.857,0.309232775,0.15,0.6895,0.057557131,0.18,0.05
 Greene,18055,0.726,0.485,0.6675,0.189982288,0.15,0.6895,0.048273207,0.18,0.95
 Hamilton,18057,0.011,0.289,0.137,0.294519381,0.15,0.6895,0.060863309,0.18,0.05
 Hancock,18059,0.151,0.206,0.83,0.253135881,0.15,0.6895,0.06121644,0.18,0.05
 Harrison,18061,0.601,0.48,0.8525,0.160485951,0.15,0.6895,0.047992298,0.18,0.95
 Hendricks,18063,0.074,0.135,0.62125,0.187209472,0.15,0.6895,0.059561548,0.18,0.05
 Henry,18065,0.569,0.074,0.63225,0.165631094,0.15,0.6895,0.058075689,0.18,0.05
 Howard,18067,0.446,0.033,0.81825,0.304199405,0.15,0.6895,0.047984132,0.18,0.05
 Huntington,18069,0.356,0.094,0.89925,0.341337354,0.15,0.6895,0.057699944,0.18,0.05
 Jackson,18071,0.588,0.32,0.8355,0.20734283,0.15,0.6895,0.052219886,0.18,0.05
 Jasper,18073,0.53,0.324,0.62275,0.198917197,0.15,0.6895,0.057638782,0.18,0.05
 Jay,18075,0.762,0.202,0.8805,0.373227496,0.15,0.6895,0.064081534,0.18,0.05
 Jefferson,18077,0.524,0.459,0.867,0.156946901,0.15,0.6895,0.051680491,0.18,0.95
 Jennings,18079,0.651,0.376,1,0.19851156,0.15,0.6895,0.050935749,0.18,0.95
 Johnson,18081,0.077,0.08,0.621,0.171327536,0.15,0.6895,0.064246449,0.18,0.05
 Knox,18083,0.657,0.142,0.14175,0.213657081,0.15,0.6895,0.056231109,0.18,0.05
 Kosciusko,18085,0.318,0.213,0.88625,0.287056801,0.15,0.6895,0.058072315,0.18,0.05
 LaGrange,18087,0.588,0.167,0.83975,0.354348908,0.15,0.6895,0.075266679,0.18,0.95
 Lake,18089,0.609,0.303,0.08475,0.191064651,0.15,0.6895,0.055698897,0.18,0.05
 LaPorte,18091,0.517,0.065,0.382,0.387541869,0.15,0.6895,0.044514063,0.18,0.05
 Lawrence,18093,0.578,0.329,0.25875,0.227293689,0.15,0.6895,0.046317606,0.18,0.05
 Madison,18095,0.586,0.235,0.90975,0.283675625,0.15,0.6895,0.053568387,0.18,0.05
 Marion,18097,0.499,0.245,0.058,0.153589619,0.15,0.6895,0.065959105,0.18,0.05
 Marshall,18099,0.339,0.297,0.671,0.371917334,0.15,0.6895,0.053083329,0.18,0.05
 Martin,18101,0.517,0.331,0.9605,0.18151486,0.15,0.6895,0.048378634,0.18,0.05
 Miami,18103,0.699,0.058,0.9075,0.272244561,0.15,0.6895,0.055741099,0.18,0.05
 Monroe,18105,0.133,0.064,0.8195,0.263940036,0.15,0.6895,0.05052631,0.18,0.05
 Montgomery,18107,0.366,0.488,0.8525,0.321499232,0.15,0.6895,0.058789988,0.18,0.05
 Morgan,18109,0.426,0.264,0.4635,0.163954764,0.15,0.6895,0.054726443,0.18,0.05
 Newton,18111,0.631,0.377,0.903,0.354031982,0.15,0.6895,0.058609722,0.18,0.05
 Noble,18113,0.436,0.155,0.71775,0.336089905,0.15,0.6895,0.059601014,0.18,0.05
 Ohio,18115,0.363,0.25,1,0.227537397,0.95,0.6895,0.048998434,0.18,0.95
 Orange,18117,0.825,0.349,0.78975,0.148180299,0.15,0.6895,0.050642525,0.18,0.05
 Owen,18119,0.707,0.355,0.87525,0.182845405,0.15,0.6895,0.045986428,0.18,0.95
 Parke,18121,0.791,0.748,0.8955,0.204041147,0.15,0.6895,0.053348452,0.18,0.95
 Perry,18123,0.685,0.414,0.8925,0.117447673,0.15,0.6895,0.045182565,0.18,0.95
 Pike,18125,0.543,0.629,0.835,0.159175322,0.15,0.6895,0.04816755,0.18,0.95
 Porter,18127,0.181,0.235,0.79075,0.238862507,0.15,0.6895,0.061270834,0.18,0.05
 Posey,18129,0.361,0.458,0.576,0.215032261,0.15,0.6895,0.053120231,0.18,0.05
 Pulaski,18131,0.641,0.237,1,0.312913559,0.15,0.6895,0.059958312,0.18,0.95
 Putnam,18133,0.49,0.393,0.67475,0.231285058,0.15,0.6895,0.056913479,0.18,0.05
 Randolph,18135,0.648,0.492,0.8335,0.24625516,0.15,0.6895,0.060397907,0.18,0.05
 Ripley,18137,0.534,0.675,0.848,0.193100173,0.15,0.6895,0.050820205,0.18,0.05
 Rush,18139,0.54,0.179,0.86925,0.133228351,0.15,0.6895,0.065221174,0.18,0.05
 St. Joseph,18141,0.333,0.116,0.78325,0.36238505,0.15,0.6895,0.057064772,0.18,0.05
 Scott,18143,0.606,0.18,0.94875,0.097676287,0.15,0.6895,0.05181303,0.18,0.05
 Shelby,18145,0.377,0.136,0.671,0.183467998,0.15,0.6895,0.063114047,0.18,0.05
 Spencer,18147,0.421,0.612,0.93775,0.232487593,0.15,0.6895,0.050568953,0.18,0.95
 Starke,18149,0.555,0.298,0.92825,0.385401301,0.15,0.6895,0.053039013,0.18,0.95
 Steuben,18151,0.268,0.17,0.8175,0.344438899,0.15,0.6895,0.056543873,0.18,0.05
 Sullivan,18153,0.678,0.516,0.706,0.25826938,0.15,0.6895,0.049305412,0.18,0.05
 Switzerland,18155,0.727,0.499,1,0.138023163,0.95,0.6895,0.054597388,0.18,0.95
 Tippecanoe,18157,0.125,0.376,0.85925,0.334925857,0.15,0.6895,0.058058816,0.18,0.05
 Tipton,18159,0.396,0.113,0.91975,0.342719486,0.15,0.6895,0.065985837,0.18,0.05
 Union,18161,0.412,0.355,0.9135,0.138271678,0.15,0.6895,0.062329875,0.18,0.05
 Vanderburgh,18163,0.465,0.166,0.34075,0.183188902,0.15,0.6895,0.054406833,0.18,0.05
 Vermillion,18165,0.523,0.607,0.55975,0.350798754,0.15,0.6895,0.057761042,0.18,0.05
 Vigo,18167,0.671,0.348,0.251,0.271794508,0.15,0.6895,0.048029032,0.18,0.05
 Wabash,18169,0.519,0.203,0.41025,0.277471098,0.15,0.6895,0.058733298,0.18,0.05
 Warren,18171,0.402,0.791,0.95325,0.39774001,0.15,0.6895,0.053626883,0.18,0.05
 Warrick,18173,0.251,0.401,0.65875,0.201768059,0.15,0.6895,0.051269355,0.18,0.95
 Washington,18175,0.709,0.458,0.7715,0.0579803,0.15,0.6895,0.0474833,0.18,0.95
 Wayne,18177,0.615,0.264,0.829,0.208933662,0.15,0.6895,0.053637844,0.18,0.05
 Wells,18179,0.21,0.046,0.78675,0.388745641,0.15,0.6895,0.062949279,0.18,0.05
 White,18181,0.395,0.216,0.832,0.317333139,0.15,0.6895,0.064471758,0.18,0.05
 Whitley,18183,0.093,0.206,0.88525,0.229908185,0.15,0.6895,0.059188614,0.18,0.05
 Adair,19001,0.384,0.699,0.80325,0.38062755,0.95,0.537333333,0.053216056,0.48,0.05
 Adams,19003,0.389,0.695,1,0.427505227,0.95,0.537333333,0.050378719,0.48,0.05
 Allamakee,19005,0.477,0.784,0.957,0.270472633,0.95,0.537333333,0.053761913,0.48,0.05
 Appanoose,19007,0.456,0.74,0.92925,0.295859003,0.95,0.537333333,0.043942523,0.48,0.95
 Audubon,19009,0.398,0.463,1,0.295729442,0.95,0.537333333,0.061158795,0.48,0.05
 Benton,19011,0.246,0.676,0.68925,0.372092369,0.95,0.537333333,0.065568767,0.48,0.05
 Black Hawk,19013,0.113,0.548,0.3635,0.31637656,0.95,0.537333333,0.062540158,0.48,0.05
 Boone,19015,0.197,0.734,0.6515,0.3848543,0.95,0.537333333,0.064895879,0.48,0.05
 Bremer,19017,0.121,0.605,0.69675,0.308443767,0.95,0.537333333,0.062304719,0.48,0.05
 Buchanan,19019,0.217,0.683,1,0.264875968,0.95,0.537333333,0.06203365,0.48,0.95
 Buena Vista,19021,0.308,0.409,0.73,0.377752448,0.95,0.537333333,0.066641841,0.48,0.05
 Butler,19023,0.245,0.811,0.92525,0.303036404,0.95,0.537333333,0.057876273,0.48,0.05
 Calhoun,19025,0.357,0.713,0.91075,0.484636112,0.95,0.537333333,0.064714454,0.48,0.05
 Carroll,19027,0.238,0.593,0.7615,0.373921739,0.95,0.537333333,0.0648838,0.48,0.05
 Cass,19029,0.301,0.538,0.9215,0.284240073,0.95,0.537333333,0.056761783,0.48,0.05
 Cedar,19031,0.168,0.532,0.79725,0.389477585,0.95,0.537333333,0.064517333,0.48,0.05
 Cerro Gordo,19033,0.084,0.645,0.49775,0.277344732,0.95,0.537333333,0.059499006,0.48,0.05
 Cherokee,19035,0.185,0.553,0.779,0.456778665,0.95,0.537333333,0.066211147,0.48,0.95
 Chickasaw,19037,0.259,0.685,0.81375,0.254292188,0.95,0.537333333,0.060892278,0.48,0.95
 Clarke,19039,0.389,0.857,0.44875,0.360460945,0.95,0.537333333,0.045700038,0.48,0.05
 Clay,19041,0.363,0.647,0.72225,0.469614278,0.95,0.537333333,0.06359963,0.48,0.05
 Clayton,19043,0.449,0.871,0.95925,0.327094781,0.95,0.537333333,0.054747922,0.48,0.05
 Clinton,19045,0.214,0.358,0.722,0.37670666,0.95,0.537333333,0.061337959,0.48,0.05
 Crawford,19047,0.496,0.188,0.84525,0.377037071,0.95,0.537333333,0.06094053,0.48,0.05
 Dallas,19049,0.112,0.633,0.618,0.385231569,0.95,0.537333333,0.064720509,0.48,0.05
 Davis,19051,0.582,0.56,0.94075,0.395398198,0.95,0.537333333,0.044943399,0.48,0.05
 Decatur,19053,0.585,0.871,1,0.413844914,0.95,0.537333333,0.047396557,0.48,0.95
 Delaware,19055,0.215,0.631,0.91575,0.286545003,0.95,0.537333333,0.063114047,0.48,0.05
 Des Moines,19057,0.207,0.397,0.576,0.452842829,0.95,0.537333333,0.055296377,0.48,0.05
 Dickinson,19059,0.31,0.597,0.792,0.399427723,0.95,0.537333333,0.064417026,0.48,0.05
 Dubuque,19061,0.035,0.242,0.376,0.351751931,0.95,0.537333333,0.064732619,0.48,0.05
 Emmet,19063,0.427,0.616,0.7935,0.475723086,0.95,0.537333333,0.060727935,0.48,0.95
 Fayette,19065,0.368,0.754,0.70725,0.300268905,0.95,0.537333333,0.059843816,0.48,0.95
 Floyd,19067,0.192,0.783,0.567,0.279279672,0.95,0.537333333,0.06215357,0.48,0.05
 Franklin,19069,0.383,0.786,0.90425,0.346114833,0.95,0.537333333,0.064811277,0.48,0.05
 Fremont,19071,0.219,0.521,0.92975,0.42194739,0.95,0.537333333,0.055962134,0.48,0.05
 Greene,19073,0.445,0.746,0.9425,0.427739725,0.95,0.537333333,0.064910975,0.48,0.05
 Grundy,19075,0.131,0.752,0.7365,0.293950455,0.95,0.537333333,0.068922803,0.48,0.95
 Guthrie,19077,0.397,0.752,0.7655,0.319026252,0.95,0.537333333,0.057696548,0.48,0.05
 Hamilton,19079,0.244,0.765,0.94475,0.364955008,0.95,0.537333333,0.066125264,0.48,0.05
 Hancock,19081,0.314,0.455,0.89775,0.354158355,0.95,0.537333333,0.060879405,0.48,0.05
 Hardin,19083,0.36,0.723,0.77,0.359092147,0.95,0.537333333,0.063821083,0.48,0.05
 Harrison,19085,0.272,0.308,0.90475,0.506170079,0.95,0.537333333,0.0574242,0.48,0.05
 Henry,19087,0.355,0.552,0.50325,0.403466081,0.95,0.537333333,0.055278655,0.48,0.05
 Howard,19089,0.353,0.724,0.91175,0.197228991,0.95,0.537333333,0.057584361,0.48,0.95
 Humboldt,19091,0.291,0.762,0.84975,0.394292412,0.95,0.537333333,0.06487776,0.48,0.05
 Ida,19093,0.255,0.175,0.895,0.428421284,0.95,0.537333333,0.064750779,0.48,0.05
 Iowa,19095,0.223,0.746,0.90075,0.305071098,0.95,0.537333333,0.054840903,0.48,0.05
 Jackson,19097,0.364,0.588,0.77675,0.368534332,0.95,0.537333333,0.056978859,0.48,0.05
 Jasper,19099,0.162,0.721,0.64375,0.315148882,0.95,0.537333333,0.05855955,0.48,0.05
 Jefferson,19101,0.184,0.36,0.7835,0.374491108,0.95,0.537333333,0.052193611,0.48,0.05
 Johnson,19103,0.028,0.231,0.37475,0.366027457,0.95,0.537333333,0.063556481,0.48,0.05
 Jones,19105,0.37,0.637,0.672,0.328722962,0.95,0.537333333,0.0603687,0.48,0.05
 Keokuk,19107,0.4,0.647,0.7935,0.291069137,0.95,0.537333333,0.053787421,0.48,0.95
 Kossuth,19109,0.328,0.62,0.787,0.437329068,0.95,0.537333333,0.064971324,0.48,0.05
 Lee,19111,0.39,0.441,0.67675,0.419744179,0.95,0.537333333,0.053896605,0.48,0.05
 Linn,19113,0.041,0.35,0.30875,0.32722379,0.95,0.537333333,0.064932104,0.48,0.05
 Louisa,19115,0.371,0.805,0.88,0.402991342,0.95,0.537333333,0.055342426,0.48,0.05
 Lucas,19117,0.521,0.842,0.92225,0.355973451,0.95,0.537333333,0.04732622,0.48,0.95
 Lyon,19119,0.329,0.613,0.77925,0.610258192,0.95,0.537333333,0.0709845,0.48,0.95
 Madison,19121,0.432,0.81,0.942,0.35161896,0.95,0.537333333,0.054933727,0.48,0.05
 Mahaska,19123,0.176,0.391,0.82175,0.340504943,0.95,0.537333333,0.055849971,0.48,0.05
 Marion,19125,0.246,0.747,0.758,0.356082042,0.95,0.537333333,0.054744343,0.48,0.05
 Marshall,19127,0.365,0.576,0.5135,0.312797929,0.95,0.537333333,0.060614893,0.48,0.05
 Mills,19129,0.08,0.198,0.93925,0.469315939,0.95,0.537333333,0.059205165,0.48,0.05
 Mitchell,19131,0.322,0.43,0.91075,0.311032969,0.95,0.537333333,0.063802658,0.48,0.95
 Monona,19133,0.314,0.295,0.9185,0.520561574,0.95,0.537333333,0.056147411,0.48,0.05
 Monroe,19135,0.5,0.615,0.95375,0.326433743,0.95,0.537333333,0.046901985,0.48,0.05
 Montgomery,19137,0.443,0.131,0.9435,0.32887938,0.95,0.537333333,0.05254161,0.48,0.05
 Muscatine,19139,0.135,0.491,0.64525,0.404304097,0.95,0.537333333,0.06040764,0.48,0.05
 O'Brien,19141,0.413,0.424,0.7295,0.538514791,0.95,0.537333333,0.053210006,0.48,0.95
 Osceola,19143,0.494,0.109,0.93725,0.503828254,0.95,0.537333333,0.067384571,0.48,0.95
 Page,19145,0.411,0.027,0.9485,0.384317182,0.95,0.537333333,0.051482947,0.48,0.05
 Palo Alto,19147,0.282,0.595,0.89225,0.405038513,0.95,0.537333333,0.062068387,0.48,0.05
 Plymouth,19149,0.275,0.678,0.70075,0.55522113,0.95,0.537333333,0.067297274,0.48,0.95
 Pocahontas,19151,0.406,0.386,0.95975,0.403827577,0.95,0.537333333,0.065899661,0.48,0.05
 Polk,19153,0.038,0.474,0.0995,0.370224608,0.95,0.537333333,0.061583458,0.48,0.05
 Pottawattamie,19155,0.196,0.031,0.58125,0.464585362,0.95,0.537333333,0.058452371,0.48,0.05
 Poweshiek,19157,0.138,0.502,0.7525,0.19948177,0.95,0.537333333,0.058566242,0.48,0.05
 Ringgold,19159,0.506,0.753,0.95675,0.493264014,0.95,0.537333333,0.047139528,0.48,0.95
 Sac,19161,0.259,0.409,1,0.461974799,0.95,0.537333333,0.067189451,0.48,0.05
 Scott,19163,0.03,0.279,0.562,0.383849617,0.95,0.537333333,0.062840232,0.48,0.05
 Shelby,19165,0.374,0.026,0.93925,0.404925574,0.95,0.537333333,0.060834326,0.48,0.05
 Sioux,19167,0.232,0.564,0.71425,0.583818539,0.95,0.537333333,0.072308257,0.48,0.95
 Story,19169,0.045,0.503,0.41425,0.349627026,0.95,0.537333333,0.065401194,0.48,0.05
 Tama,19171,0.292,0.788,0.9605,0.356595251,0.95,0.537333333,0.061219641,0.48,0.05
 Taylor,19173,0.501,0.646,0.94,0.461444376,0.95,0.537333333,0.051756269,0.48,0.05
 Union,19175,0.476,0.602,0.69975,0.425417459,0.95,0.537333333,0.048370533,0.48,0.05
 Van Buren,19177,0.569,0.644,0.94575,0.372450813,0.95,0.537333333,0.046220197,0.48,0.05
 Wapello,19179,0.475,0.309,0.69475,0.39011379,0.95,0.537333333,0.051077894,0.48,0.05
 Warren,19181,0.171,0.622,0.65725,0.395767182,0.95,0.537333333,0.055360127,0.48,0.05
 Washington,19183,0.224,0.691,0.7655,0.351831984,0.95,0.537333333,0.061184422,0.48,0.05
 Wayne,19185,0.485,0.86,0.949,0.341248648,0.95,0.537333333,0.047433752,0.48,0.95
 Webster,19187,0.289,0.606,0.51125,0.397620616,0.95,0.537333333,0.065043668,0.48,0.05
 Winnebago,19189,0.325,0.453,0.93375,0.348801088,0.95,0.537333333,0.061678843,0.48,0.95
 Winneshiek,19191,0.234,0.808,0.7335,0.219923881,0.95,0.537333333,0.056803195,0.48,0.95
 Woodbury,19193,0.224,0.262,0.595,0.561533572,0.95,0.537333333,0.057212239,0.48,0.05
 Worth,19195,0.047,0.341,0.851,0.31551875,0.95,0.537333333,0.060180139,0.48,0.05
 Wright,19197,0.365,0.771,0.94375,0.351998359,0.95,0.537333333,0.063574977,0.48,0.05
 Allen,20001,0.437,0.781,0.5135,0.459870349,0.15,0.694,0.031087818,0.66,0.05
 Anderson,20003,0.556,0.717,0.714,0.433970969,0.15,0.694,0.032745509,0.66,0.05
 Atchison,20005,0.519,0.358,0.8535,0.47919468,0.95,0.694,0.041690828,0.66,0.95
 Barber,20007,0.394,0.742,0.564,0.84374167,0.15,0.694,0.027580775,0.66,0.95
 Barton,20009,0.551,0.246,0.1,0.972063737,0.15,0.694,0.0267146,0.66,0.95
 Bourbon,20011,0.604,0.699,0.842,0.480091139,0.15,0.694,0.033385547,0.66,0.95
 Brown,20013,0.441,0.21,0.92625,0.516496551,0.95,0.694,0.044864849,0.66,0.05
 Butler,20015,0.233,0.768,0.1345,0.572697694,0.15,0.694,0.033102614,0.66,0.05
 Chase,20017,0.552,0.757,1,0.606666199,0.15,0.694,0.030572989,0.66,0.95
 Chautauqua,20019,0.675,0.886,0.73925,0.519769442,0.15,0.694,0.028045771,0.66,0.95
 Cherokee,20021,0.591,0.809,0.6665,0.369252367,0.15,0.694,0.032384467,0.66,0.95
 Cheyenne,20023,0.34,0.52,1,1,0.95,0.694,0.025274787,0.66,0.05
 Clark,20025,0.372,0.738,0.76725,1,0.15,0.694,0.022467339,0.66,0.95
 Clay,20027,0.306,0.517,0.942,0.768430983,0.95,0.694,0.035219287,0.66,0.95
 Cloud,20029,0.405,0.133,0.93875,0.776880175,0.95,0.694,0.035091085,0.66,0.95
 Coffey,20031,0.389,0.712,0.81575,0.59451325,0.15,0.694,0.032414708,0.66,0.95
 Comanche,20033,0.349,0.703,0.791,1,0.15,0.694,0.024646744,0.66,0.95
 Cowley,20035,0.575,0.57,0.6595,0.618777895,0.15,0.694,0.029898978,0.66,0.95
 Crawford,20037,0.475,0.646,0.61225,0.406450669,0.15,0.694,0.03483889,0.66,0.95
 Decatur,20039,0.373,0.221,0.812,1,0.95,0.694,0.026596979,0.66,0.95
 Dickinson,20041,0.35,0.642,0.8545,0.737548024,0.15,0.694,0.032613591,0.66,0.05
 Doniphan,20043,0.397,0.156,0.872,0.592009305,0.95,0.694,0.04316416,0.66,0.05
 Douglas,20045,0.111,0.099,0.21,0.623580676,0.95,0.694,0.042918312,0.66,0.05
 Edwards,20047,0.448,0.18,0.93175,1,0.15,0.694,0.027694219,0.66,0.95
 Elk,20049,0.624,0.885,0.8505,0.601120058,0.15,0.694,0.028441241,0.66,0.95
 Ellis,20051,0.134,0.182,0.3345,1,0.15,0.694,0.025910297,0.66,0.05
 Ellsworth,20053,0.386,0.68,0.75775,0.885308964,0.15,0.694,0.028729157,0.66,0.05
 Finney,20055,0.453,0.005,0.135,1,0.15,0.694,0.030237861,0.66,0.95
 Ford,20057,0.6,0.166,0.48425,1,0.15,0.694,0.025948083,0.66,0.95
 Franklin,20059,0.541,0.185,0.40725,0.52826239,0.95,0.694,0.036738826,0.66,0.05
 Geary,20061,0.504,0.097,0.899,0.690296049,0.95,0.694,0.033491031,0.66,0.05
 Gove,20063,0.167,0.342,0.83825,1,0.15,0.694,0.026031021,0.66,0.05
 Graham,20065,0.404,0.261,0.72475,1,0.15,0.694,0.023365187,0.66,0.95
 Grant,20067,0.366,0.104,0.20975,1,0.15,0.694,0.025895167,0.66,0.95
 Gray,20069,0.177,0.095,0.938,1,0.15,0.694,0.027891634,0.66,0.95
 Greeley,20071,0.259,0.111,1,1,0.15,0.694,0.026523201,0.66,0.95
 Greenwood,20073,0.575,0.84,0.7385,0.622572418,0.15,0.694,0.029229538,0.66,0.05
 Hamilton,20075,0.41,0.225,0.928,1,0.15,0.694,0.024067497,0.66,0.95
 Harper,20077,0.434,0.7,0.53925,0.730808893,0.15,0.694,0.026196108,0.66,0.95
 Harvey,20079,0.422,0.099,0.699,0.767167924,0.15,0.694,0.038889387,0.66,0.95
 Haskell,20081,0.501,0.076,0.591,1,0.15,0.694,0.03146997,0.66,0.95
 Hodgeman,20083,0.315,0.257,0.946,1,0.15,0.694,0.024148779,0.66,0.95
 Jackson,20085,0.502,0.56,1,0.451577293,0.95,0.694,0.035831554,0.66,0.05
 Jefferson,20087,0.383,0.601,0.792,0.459394537,0.95,0.694,0.039125493,0.66,0.05
 Jewell,20089,0.432,0.114,1,0.78746421,0.95,0.694,0.031251274,0.66,0.95
 Johnson,20091,0.004,0.051,0.05475,0.333570477,0.95,0.694,0.050696667,0.66,0.05
 Kearny,20093,0.569,0.16,0.92975,1,0.15,0.694,0.026113695,0.66,0.95
 Kingman,20095,0.187,0.817,0.6725,0.834548028,0.15,0.694,0.029175856,0.66,0.95
 Kiowa,20097,0.236,0.373,0.73225,1,0.15,0.694,0.025048941,0.66,0.95
 Labette,20099,0.592,0.654,0.8845,0.483754314,0.15,0.694,0.030745556,0.66,0.05
 Lane,20101,0.161,0.106,0.93275,1,0.15,0.694,0.025636589,0.66,0.95
 Leavenworth,20103,0.29,0.417,0.71225,0.48596637,0.95,0.694,0.044606411,0.66,0.05
 Lincoln,20105,0.245,0.434,0.9485,0.776404741,0.15,0.694,0.028157341,0.66,0.95
 Linn,20107,0.657,0.828,0.7205,0.48676382,0.95,0.694,0.034522474,0.66,0.95
 Logan,20109,0.102,0.713,0.95425,1,0.15,0.694,0.026933755,0.66,0.05
 Lyon,20111,0.396,0.233,0.557,0.631119463,0.15,0.694,0.03139516,0.66,0.05
 McPherson,20113,0.14,0.179,0.5355,0.846469433,0.15,0.694,0.037837161,0.66,0.95
 Marion,20115,0.333,0.735,0.783,0.669733395,0.15,0.694,0.033149937,0.66,0.95
 Marshall,20117,0.25,0.465,0.89025,0.680828408,0.95,0.694,0.038995058,0.66,0.95
 Meade,20119,0.468,0.489,0.8345,1,0.15,0.694,0.029542947,0.66,0.95
 Miami,20121,0.179,0.399,0.47025,0.504803257,0.95,0.694,0.040522918,0.66,0.05
 Mitchell,20123,0.38,0.171,0.7055,0.808459807,0.95,0.694,0.032493201,0.66,0.95
 Montgomery,20125,0.56,0.655,0.391,0.535618802,0.1,0.694,0.03243888,0.66,0.05
 Morris,20127,0.531,0.749,0.9285,0.652646053,0.15,0.694,0.029101883,0.66,0.95
 Morton,20129,0.445,0.304,0.77375,1,0.15,0.694,0.021991319,0.66,0.95
 Nemaha,20131,0.507,0.295,0.6945,0.42759581,0.95,0.694,0.04217217,0.66,0.95
 Neosho,20133,0.472,0.561,0.50525,0.515052036,0.15,0.694,0.029905531,0.66,0.05
 Ness,20135,0.182,0.232,0.7775,0.975452924,0.15,0.694,0.023623742,0.66,0.95
 Norton,20137,0.561,0.194,0.86575,1,0.95,0.694,0.026449217,0.66,0.95
 Osage,20139,0.532,0.676,0.93275,0.62096869,0.95,0.694,0.033315039,0.66,0.05
 Osborne,20141,0.463,0.298,0.853,0.856624764,0.15,0.694,0.025887598,0.66,0.95
 Ottawa,20143,0.36,0.711,1,0.762638326,0.95,0.694,0.031779782,0.66,0.95
 Pawnee,20145,0.489,0.149,0.95875,1,0.15,0.694,0.027509636,0.66,0.95
 Phillips,20147,0.248,0.209,0.708,1,0.95,0.694,0.027373961,0.66,0.95
 Pottawatomie,20149,0.275,0.572,0.7135,0.69258606,0.95,0.694,0.035347024,0.66,0.95
 Pratt,20151,0.428,0.093,0.43,1,0.15,0.694,0.030605019,0.66,0.95
 Rawlins,20153,0.279,0.502,0.92425,1,0.95,0.694,0.026633791,0.66,0.05
 Reno,20155,0.583,0.228,0.16975,1,0.15,0.694,0.032171988,0.66,0.95
 Republic,20157,0.286,0.098,1,0.882187109,0.95,0.694,0.035738464,0.66,0.95
 Rice,20159,0.535,0.686,0.39875,0.888910973,0.15,0.694,0.030450966,0.66,0.95
 Riley,20161,0.207,0.128,0.6085,0.705728599,0.95,0.694,0.036347377,0.66,0.95
 Rooks,20163,0.317,0.305,0.7855,1,0.15,0.694,0.024415089,0.66,0.95
 Rush,20165,0.309,0.319,0.80025,1,0.15,0.694,0.025789007,0.66,0.95
 Russell,20167,0.232,0.557,0.67175,0.87202066,0.15,0.694,0.026970108,0.66,0.05
 Saline,20169,0.238,0.067,0.4315,0.77496309,0.15,0.694,0.03252334,0.66,0.05
 Scott,20171,0.392,0.085,0.75675,1,0.15,0.694,0.028080685,0.66,0.95
 Sedgwick,20173,0.247,0.292,0.04425,0.724826261,0.15,0.694,0.039210543,0.66,0.05
 Seward,20175,0.651,0.039,0.15,1,0.1,0.694,0.029463244,0.66,0.95
 Shawnee,20177,0.364,0.062,0.5305,0.545454685,0.95,0.694,0.039608327,0.66,0.05
 Sheridan,20179,0.15,0.161,0.871,1,0.15,0.694,0.026315521,0.66,0.95
 Sherman,20181,0.415,0.341,0.7605,1,0.15,0.694,0.027750766,0.66,0.05
 Smith,20183,0.234,0.068,1,0.85184838,0.95,0.694,0.029780774,0.66,0.95
 Stafford,20185,0.648,0.462,0.822,1,0.15,0.694,0.028592416,0.66,0.95
 Stanton,20187,0.446,0.299,1,1,0.15,0.694,0.02380553,0.66,0.95
 Stevens,20189,0.431,0.141,0.4855,1,0.15,0.694,0.026501027,0.66,0.95
 Sumner,20191,0.343,0.776,0.7285,0.713713965,0.15,0.694,0.029516403,0.66,0.05
 Thomas,20193,0.119,0.358,0.6915,1,0.15,0.694,0.031457514,0.66,0.05
 Trego,20195,0.079,0.107,0.703,1,0.15,0.694,0.025041117,0.66,0.05
 Wabaunsee,20197,0.302,0.791,1,0.574515023,0.95,0.694,0.032493201,0.66,0.05
 Wallace,20199,0.205,0.517,0.96025,1,0.15,0.694,0.025475568,0.66,0.95
 Washington,20201,0.521,0.275,0.9115,0.716688635,0.95,0.694,0.032751493,0.66,0.95
 Wichita,20203,0.447,0.13,0.94975,1,0.15,0.694,0.025605996,0.66,0.95
 Wilson,20205,0.712,0.57,0.68975,0.573112244,0.15,0.694,0.03166241,0.66,0.95
 Woodson,20207,0.539,0.419,0.798,0.579746679,0.15,0.694,0.028031794,0.66,0.95
 Wyandotte,20209,0.6,0.027,0.3715,0.833305625,0.95,0.694,0.062213444,0.66,0.05
 Adair,21001,0.932,0.446,0.7365,0.215580694,0.95,0.663,0.03970715,0.5,0.95
 Allen,21003,0.965,0.496,0.8965,0.216473087,0.95,0.663,0.044982622,0.5,0.05
 Anderson,21005,0.628,0.318,0.9435,0.202722012,0.95,0.663,0.046114085,0.5,0.95
 Ballard,21007,0.597,0.663,0.92875,0.241270646,0.95,0.663,0.041892449,0.5,0.95
 Barren,21009,0.791,0.455,0.69775,0.252971074,0.95,0.663,0.043875581,0.5,0.05
 Bath,21011,0.86,0.816,0.96,0.197168444,0.15,0.663,0.034917546,0.5,0.05
 Bell,21013,0.93,0.842,0.81025,0,0.15,0.663,0.032208513,0.5,0.05
 Boone,21015,0.152,0.238,0.609,0.161261782,0.95,0.663,0.059125678,0.5,0.05
 Bourbon,21017,0.755,0.818,0.8235,0.293344403,0.15,0.663,0.052522959,0.5,0.95
 Boyd,21019,0.653,0.542,0.32625,0.136699286,0.15,0.663,0.035308197,0.5,0.05
 Boyle,21021,0.625,0.343,0.82025,0.211390438,0.95,0.663,0.046101335,0.5,0.05
 Bracken,21023,0.604,0.513,1,0.146319988,0.15,0.663,0.035573592,0.5,0.95
 Breathitt,21025,0.898,0.874,1,0.172758853,0.15,0.663,0.028905954,0.5,0.95
 Breckinridge,21027,0.821,0.457,0.84975,0.14335844,0.15,0.663,0.03883392,0.5,0.95
 Bullitt,21029,0.383,0.093,0.8705,0.202299361,0.95,0.663,0.055582678,0.5,0.05
 Butler,21031,0.867,0.699,0.755,0.188968653,0.15,0.663,0.040984514,0.5,0.05
 Caldwell,21033,0.83,0.555,0.92175,0.208991818,0.15,0.663,0.043295613,0.5,0.05
 Calloway,21035,0.546,0.309,0.853,0.142062109,0.95,0.663,0.045000044,0.5,0.05
 Campbell,21037,0.215,0.099,1,0.216841897,0.95,0.663,0.04940467,0.5,0.05
 Carlisle,21039,0.728,0.534,1,0.222736513,0.95,0.663,0.04630068,0.5,0.05
 Carroll,21041,0.812,0.363,0.84775,0.086958367,0.95,0.663,0.043232203,0.5,0.95
 Carter,21043,0.965,0.829,0.7385,0.159707283,0.15,0.663,0.03465278,0.5,0.05
 Casey,21045,0.989,0.504,0.93625,0.248255449,0.95,0.663,0.036336593,0.5,0.95
 Christian,21047,0.767,0.219,0.68975,0.144509738,0.95,0.663,0.047705628,0.5,0.05
 Clark,21049,0.671,0.573,0.39075,0.210791013,0.15,0.663,0.046342983,0.5,0.05
 Clay,21051,0.997,0.804,0.956,0.045487753,0.15,0.663,0.03403658,0.5,0.95
 Clinton,21053,0.972,0.509,0.83175,0.220467876,0.95,0.663,0.041041848,0.5,0.05
 Crittenden,21055,0.848,0.769,0.951,0.228285787,0.15,0.663,0.036336593,0.5,0.95
 Cumberland,21057,0.869,0.529,0.8555,0.144559915,0.95,0.663,0.03308485,0.5,0.05
 Daviess,21059,0.451,0.322,0.568,0.272732328,0.15,0.663,0.042840623,0.5,0.05
 Edmonson,21061,0.836,0.57,1,0.212345695,0.95,0.663,0.041620265,0.5,0.05
 Elliott,21063,0.984,0.749,1,0.204684466,0.15,0.663,0.03004934,0.5,0.95
 Estill,21065,0.98,0.846,1,0.188627912,0.15,0.663,0.036065946,0.5,0.95
 Fayette,21067,0.282,0.245,0.3475,0.099153235,0.95,0.663,0.079756547,0.5,0.05
 Fleming,21069,0.848,0.79,0.881,0.142915433,0.15,0.663,0.038489264,0.5,0.95
 Floyd,21071,0.969,0.884,0.41525,0.191342195,0.15,0.663,0.034220315,0.5,0.05
 Franklin,21073,0.574,0.176,0.8055,0.11523054,0.95,0.663,0.043960356,0.5,0.05
 Fulton,21075,0.904,0.524,0.85475,0.161801566,0.95,0.663,0.045922466,0.5,0.05
 Gallatin,21077,0.606,0.368,1,0.14356913,0.95,0.663,0.038519799,0.5,0.05
 Garrard,21079,0.94,0.693,0.80975,0.168271492,0.95,0.663,0.041232387,0.5,0.95
 Grant,21081,0.786,0.436,0.944,0.133400861,0.95,0.663,0.044280137,0.5,0.05
 Graves,21083,0.83,0.576,0.66625,0.140932873,0.95,0.663,0.046524448,0.5,0.05
 Grayson,21085,0.788,0.41,0.734,0.189099525,0.15,0.663,0.038095226,0.5,0.95
 Green,21087,0.903,0.365,0.88325,0.273046284,0.95,0.663,0.040773598,0.5,0.05
 Greenup,21089,0.613,0.712,0.69325,0.169565271,0.15,0.663,0.037639847,0.5,0.05
 Hancock,21091,0.535,0.327,0.939,0.184651034,0.15,0.663,0.040653272,0.5,0.95
 Hardin,21093,0.526,0.177,0.6825,0.228362965,0.15,0.663,0.048029032,0.5,0.05
 Harlan,21095,0.979,0.836,0.705,0,0.15,0.663,0.033220796,0.5,0.05
 Harrison,21097,0.784,0.541,0.88125,0.262485173,0.15,0.663,0.040421242,0.5,0.95
 Hart,21099,0.915,0.603,0.961,0.202492983,0.95,0.663,0.0401342,0.5,0.05
 Henderson,21101,0.551,0.267,0.6195,0.235635097,0.15,0.663,0.048846227,0.5,0.05
 Henry,21103,0.647,0.204,1,0.002272927,0.95,0.663,0.043404101,0.5,0.95
 Hickman,21105,0.818,0.658,1,0.060567274,0.95,0.663,0.047139528,0.5,0.05
 Hopkins,21107,0.738,0.499,0.36725,0.248125344,0.15,0.663,0.041113404,0.5,0.05
 Jackson,21109,0.986,0.823,0.885,0.135895322,0.15,0.663,0.034850137,0.5,0.95
 Jefferson,21111,0.423,0.094,0.117,0.05290322,0.95,0.663,0.072142758,0.5,0.05
 Jessamine,21113,0.681,0.439,0.876,0.114674177,0.95,0.663,0.053009448,0.5,0.05
 Johnson,21115,0.891,0.812,0.51675,0.272848243,0.15,0.663,0.035102251,0.5,0.05
 Kenton,21117,0.212,0.117,0.76125,0.17004927,0.95,0.663,0.054327538,0.5,0.05
 Knott,21119,0.945,0.701,1,0.171268506,0.15,0.663,0.031896722,0.5,0.95
 Knox,21121,0.985,0.794,0.84675,0,0.15,0.663,0.038028298,0.5,0.05
 Larue,21123,0.827,0.311,0.94425,0.246661676,0.95,0.663,0.044812406,0.5,0.95
 Laurel,21125,0.811,0.77,0.68775,0.0943953,0.15,0.663,0.042836049,0.5,0.05
 Lawrence,21127,0.84,0.789,0.7325,0.231060648,0.15,0.663,0.033126284,0.5,0.05
 Lee,21129,0.918,0.797,0.589,0.152728754,0.15,0.663,0.036781471,0.5,0.95
 Leslie,21131,0.993,0.879,1,0.016015076,0.15,0.663,0.023838433,0.5,0.95
 Letcher,21133,0.972,0.802,0.87775,0.175347659,0.15,0.663,0.037368151,0.5,0.95
 Lewis,21135,0.958,0.881,0.883,0.205988866,0.15,0.663,0.03140764,0.5,0.95
 Lincoln,21137,0.967,0.598,0.78475,0.234881092,0.95,0.663,0.038854099,0.5,0.05
 Livingston,21139,0.631,0.806,0.95025,0.169640289,0.15,0.663,0.042422342,0.5,0.05
 Logan,21141,0.754,0.483,0.8835,0.261044494,0.95,0.663,0.050097882,0.5,0.95
 Lyon,21143,0.518,0.517,0.95875,0.162426121,0.95,0.663,0.044209274,0.5,0.05
 McCracken,21145,0.433,0.408,0.7855,0.197891667,0.95,0.663,0.047151997,0.5,0.05
 McCreary,21147,0.966,0.76,0.93175,0.045779614,0.95,0.663,0.035197025,0.5,0.95
 McLean,21149,0.634,0.648,1,0.250570388,0.15,0.663,0.047652199,0.5,0.05
 Madison,21151,0.536,0.706,0.65775,0.146544554,0.15,0.663,0.041459878,0.5,0.05
 Magoffin,21153,0.954,0.844,0.63725,0.278528157,0.15,0.663,0.032607582,0.5,0.95
 Marion,21155,0.945,0.428,0.57525,0.276111758,0.95,0.663,0.042376125,0.5,0.05
 Marshall,21157,0.549,0.521,0.886,0.13869023,0.95,0.663,0.045454973,0.5,0.05
 Martin,21159,0.94,0.85,1,0.263589466,0.15,0.663,0.030489552,0.5,0.05
 Mason,21161,0.645,0.753,0.77675,0.150614091,0.15,0.663,0.039854926,0.5,0.95
 Meade,21163,0.501,0.125,0.87875,0.145966612,0.15,0.663,0.046139574,0.5,0.95
 Menifee,21165,0.962,0.835,0.9095,0.166323935,0.15,0.663,0.033572845,0.5,0.95
 Mercer,21167,0.741,0.532,0.61475,0.212622514,0.95,0.663,0.045687173,0.5,0.05
 Metcalfe,21169,0.878,0.467,0.9025,0.277406346,0.95,0.663,0.039543959,0.5,0.05
 Monroe,21171,0.967,0.4,0.86575,0.206577173,0.95,0.663,0.039726885,0.5,0.05
 Montgomery,21173,0.909,0.83,0.735,0.224270425,0.15,0.663,0.040831228,0.5,0.05
 Morgan,21175,0.929,0.853,0.82875,0.233286477,0.15,0.663,0.031037351,0.5,0.95
 Muhlenberg,21177,0.818,0.702,0.7245,0.220801035,0.15,0.663,0.042325229,0.5,0.05
 Nelson,21179,0.56,0.642,0.858,0.304612686,0.95,0.663,0.048208215,0.5,0.05
 Nicholas,21181,0.944,0.847,1,0.207749331,0.15,0.663,0.042945698,0.5,0.95
 Ohio,21183,0.782,0.714,0.81275,0.197264463,0.15,0.663,0.039190548,0.5,0.05
 Oldham,21185,0.112,0.118,1,0.1495001,0.95,0.663,0.056903149,0.5,0.05
 Owen,21187,0.856,0.56,0.9385,0.086460493,0.95,0.663,0.037754207,0.5,0.05
 Owsley,21189,0.98,0.821,1,0.131735407,0.15,0.663,0.032269295,0.5,0.95
 Pendleton,21191,0.755,0.594,0.8425,0.192767958,0.95,0.663,0.039864758,0.5,0.95
 Perry,21193,0.974,0.872,0.6715,0.123065296,0.15,0.663,0.031785947,0.5,0.95
 Pike,21195,0.783,0.892,0.443,0.182568855,0.15,0.663,0.027877579,0.5,0.05
 Powell,21197,0.978,0.866,0.71425,0.181520131,0.15,0.663,0.035754909,0.5,0.95
 Pulaski,21199,0.909,0.772,0.67075,0.161267988,0.95,0.663,0.043105102,0.5,0.05
 Robertson,21201,0.861,0.443,1,0.183192591,0.15,0.663,0.037785336,0.5,0.95
 Rockcastle,21203,0.834,0.823,0.9125,0.191367909,0.15,0.663,0.03418594,0.5,0.05
 Rowan,21205,0.898,0.822,0.7025,0.214896259,0.15,0.663,0.048713662,0.5,0.05
 Russell,21207,0.939,0.473,0.857,0.13153957,0.95,0.663,0.041251392,0.5,0.95
 Scott,21209,0.462,0.329,0.66825,0.136138224,0.95,0.663,0.050031343,0.5,0.05
 Shelby,21211,0.5,0.216,0.824,0.099410835,0.95,0.663,0.055972638,0.5,0.05
 Simpson,21213,0.513,0.407,0.83425,0.27300944,0.95,0.663,0.051703236,0.5,0.05
 Spencer,21215,0.469,0.215,1,0.229623519,0.95,0.663,0.050468102,0.5,0.95
 Taylor,21217,0.892,0.506,0.81425,0.317854372,0.95,0.663,0.042213968,0.5,0.05
 Todd,21219,0.774,0.449,0.91725,0.204000226,0.95,0.663,0.050881861,0.5,0.95
 Trigg,21221,0.795,0.51,0.95475,0.112861626,0.95,0.663,0.044610804,0.5,0.95
 Trimble,21223,0.825,0.337,0.76525,0.044516668,0.95,0.663,0.042459279,0.5,0.95
 Union,21225,0.786,0.621,0.69625,0.233372379,0.15,0.663,0.050561202,0.5,0.95
 Warren,21227,0.417,0.239,0.0535,0.22131459,0.95,0.663,0.048082042,0.5,0.05
 Washington,21229,0.703,0.411,1,0.244768801,0.95,0.663,0.043041411,0.5,0.95
 Wayne,21231,0.998,0.702,0.9265,0.110607536,0.95,0.663,0.037420554,0.5,0.05
 Webster,21233,0.837,0.571,0.68075,0.294445002,0.15,0.663,0.041294123,0.5,0.95
 Whitley,21235,0.951,0.831,0.66325,0,0.95,0.663,0.034117086,0.5,0.05
 Wolfe,21237,0.936,0.767,0.8705,0.154836308,0.15,0.663,0.033502731,0.5,0.95
 Woodford,21239,0.318,0.191,0.9575,0.131712118,0.95,0.663,0.058863272,0.5,0.05
 Acadia,22001,0.942,0.964,0.3535,0.201486681,0,0.622,0.034550843,0.92,0.05
 Allen,22003,0.984,0.981,0.73175,0.249859915,0,0.622,0.034872621,0.92,0.05
 Ascension,22005,0.605,0.932,0.34025,0.151847031,0,0.622,0.048431261,0.92,0.05
 Assumption,22007,0.922,0.926,0.67225,0.291780066,0,0.622,0.035694573,0.92,0.95
 Avoyelles,22009,0.999,0.917,0.53075,0.280084547,0.05,0.622,0.035374732,0.92,0.95
 Beauregard,22011,0.926,0.869,0.4645,0.272056016,0.05,0.622,0.039712085,0.92,0.05
 Bienville,22013,0.934,0.534,0.414,0.262990708,0.05,0.622,0.037707466,0.92,0.05
 Bossier,22015,0.574,0.41,0.2895,0.353919839,0.05,0.622,0.038315773,0.92,0.05
 Caddo,22017,0.626,0.232,0.0535,0.29881357,0.05,0.622,0.042111721,0.92,0.05
 Calcasieu,22019,0.744,0.982,0.033,0.193585541,0,0.622,0.039050295,0.92,0.05
 Caldwell,22021,0.861,0.469,0.7655,0.281132176,0.05,0.622,0.035118995,0.92,0.95
 Cameron,22023,0.72,0.995,0.33875,0.250636087,0.05,0.622,0.032751493,0.92,0.05
 Catahoula,22025,0.887,0.589,0.54175,0.31169617,0.05,0.622,0.033759103,0.92,0.95
 Claiborne,22027,0.908,0.426,0.42025,0.260639104,0.05,0.622,0.036390481,0.92,0.95
 Concordia,22029,0.876,0.883,0.21275,0.337956077,0.05,0.622,0.035661619,0.92,0.95
 De Soto,22031,0.847,0.687,0.12275,0.325800796,0.05,0.622,0.037441494,0.92,0.05
 East Baton Rouge,22033,0.613,0.925,0.01825,0.120732646,0,0.622,0.056088049,0.92,0.05
 East Carroll,22035,0.84,0.307,1,0.432186713,0.05,0.622,0.042602108,0.92,0.95
 East Feliciana,22037,0.935,0.893,0.686,0.169928776,0.05,0.622,0.040783209,0.92,0.95
 Evangeline,22039,0.994,0.895,0.3825,0.176929848,0,0.622,0.035335935,0.92,0.05
 Franklin,22041,0.951,0.641,0.706,0.408966643,0.05,0.622,0.035518465,0.92,0.95
 Grant,22043,0.895,0.707,0.7485,0.298544095,0.05,0.622,0.035247095,0.92,0.05
 Iberia,22045,0.931,0.928,0.301,0.234446672,0.05,0.622,0.037686673,0.92,0.05
 Iberville,22047,0.853,0.94,0.1975,0.26168043,0,0.622,0.031687156,0.92,0.05
 Jackson,22049,0.904,0.36,0.72075,0.260366253,0.05,0.622,0.041046622,0.92,0.05
 Jefferson,22051,0.522,0.919,0.0835,0.123340744,0.05,0.622,0.02920271,0.92,0.05
 Jefferson Davis,22053,0.871,0.984,0.43925,0.170700553,0,0.622,0.034174474,0.92,0.05
 Lafayette,22055,0.522,0.939,0.03075,0.153658738,0.05,0.622,0.057002928,0.92,0.05
 Lafourche,22057,0.809,0.934,0.32,0.250693615,0.05,0.622,0.033764907,0.92,0.05
 LaSalle,22059,0.944,0.569,0.5815,0.294402742,0.05,0.622,0.039845091,0.92,0.95
 Lincoln,22061,0.718,0.183,0.39425,0.247425938,0.05,0.622,0.038899463,0.92,0.05
 Livingston,22063,0.704,0.941,0.5765,0.163407102,0,0.622,0.052152297,0.92,0.05
 Madison,22065,0.762,0.056,1,0.355342107,0,0.622,0.038407719,0.92,0.05
 Morehouse,22067,0.958,0.646,0.90975,0.328888932,0.05,0.622,0.03699396,0.92,0.05
 Natchitoches,22069,0.9,0.62,0.45675,0.341073157,0.05,0.622,0.035540526,0.92,0.05
 Orleans,22071,0.653,0.918,0.0985,0,0.05,0.622,0.132299415,0.92,0.05
 Ouachita,22073,0.74,0.228,0.12875,0.220055181,0.05,0.622,0.039682468,0.92,0.05
 Plaquemines,22075,0.889,0.933,0.42125,0.331903697,0.05,0.622,0.028892392,0.92,0.95
 Pointe Coupee,22077,0.832,0.952,0.166,0.258272415,0,0.622,0.038218479,0.92,0.95
 Rapides,22079,0.7,0.447,0.08925,0.281639132,0.05,0.622,0.038677178,0.92,0.05
 Red River,22081,0.917,0.543,0.50375,0.358763713,0.05,0.622,0.03230571,0.92,0.95
 Richland,22083,0.866,0.602,0.70525,0.368206232,0,0.622,0.036508755,0.92,0.05
 Sabine,22085,0.962,0.627,0.53075,0.310312017,0.05,0.622,0.038038602,0.92,0.05
 St. Bernard,22087,0.673,0.91,0.49375,0.165227395,0.05,0.622,0.028592416,0.92,0.05
 St. Charles,22089,0.61,0.954,0.06425,0.118834397,0,0.622,0.041822226,0.92,0.05
 St. Helena,22091,0.999,0.587,0.915,0.129289228,0,0.622,0.04072551,0.92,0.05
 St. James,22093,0.825,0.941,0.6625,0.173359995,0.05,0.622,0.040070677,0.92,0.05
 St. John the Baptist,22095,0.825,0.925,0.3515,0.159856554,0.05,0.622,0.047156153,0.92,0.05
 St. Landry,22097,0.965,0.969,0.331,0.21927374,0,0.622,0.037247346,0.92,0.95
 St. Martin,22099,0.925,0.946,0.323,0.232934421,0.05,0.622,0.037717858,0.92,0.05
 St. Mary,22101,0.92,0.918,0.13375,0.277775737,0.05,0.622,0.037025728,0.92,0.05
 St. Tammany,22103,0.523,0.937,0.123,0.154869649,0.05,0.622,0.065296243,0.92,0.05
 Tangipahoa,22105,0.923,0.959,0.56175,0.127593523,0.05,0.622,0.052545339,0.92,0.05
 Tensas,22107,0.826,0.607,1,0.325596616,0.05,0.622,0.033379677,0.92,0.95
 Terrebonne,22109,0.874,0.927,0.05575,0.348904126,0.05,0.622,0.04157787,0.92,0.05
 Union,22111,0.921,0.479,0.69025,0.280191294,0.05,0.622,0.039235523,0.92,0.05
 Vermilion,22113,0.925,0.944,0.35825,0.198179775,0.05,0.622,0.033572845,0.92,0.05
 Vernon,22115,0.832,0.749,0.69575,0.228878429,0.05,0.622,0.044742387,0.92,0.05
 Washington,22117,0.988,0.699,0.6925,0.138562253,0.05,0.622,0.039494374,0.92,0.95
 Webster,22119,0.808,0.504,0.3615,0.22270047,0.05,0.622,0.041146754,0.92,0.05
 West Baton Rouge,22121,0.654,0.915,0.34075,0.286635704,0,0.622,0.04288634,0.92,0.05
 West Carroll,22123,0.943,0.604,0.92425,0.454278572,0.05,0.622,0.03445998,0.92,0.95
 West Feliciana,22125,0.743,0.962,0.81875,0.241726173,0.05,0.622,0.035396883,0.92,0.95
 Winn,22127,0.8,0.701,0.6655,0.320128784,0.05,0.622,0.033344436,0.92,0.05
 Androscoggin,23001,0.208,0.92,0.42475,0.025064203,0.95,0.352,0.046809979,0.86,0.05
 Aroostook,23003,0.547,0.827,0.446,0.044804436,0.95,0.352,0.030688142,0.86,0.05
 Cumberland,23005,0.037,0.986,0.1,0.101830948,0.95,0.352,0.062502547,0.86,0.05
 Franklin,23007,0.372,0.807,0.756,0,0.95,0.352,0.037472883,0.86,0.95
 Hancock,23009,0.235,0.955,0.486,0.044182162,0.95,0.352,0.039879502,0.86,0.05
 Kennebec,23011,0.237,0.992,0.35475,0.097229189,0.95,0.352,0.041317843,0.86,0.05
 Knox,23013,0.226,0.952,0.72075,0.079960447,0.95,0.352,0.047984132,0.86,0.95
 Lincoln,23015,0.244,0.958,0.79375,0.065082811,0.95,0.352,0.050121345,0.86,0.95
 Oxford,23017,0.477,0.884,0.554,0,0.95,0.352,0.03522485,0.86,0.05
 Penobscot,23019,0.351,0.976,0.14825,0.04150908,0.95,0.352,0.038773321,0.86,0.05
 Piscataquis,23021,0.494,0.825,0.77625,0.026628488,0.95,0.352,0.031878286,0.86,0.95
 Sagadahoc,23023,0.229,0.954,0.799,0.053902463,0.95,0.352,0.04373243,0.86,0.05
 Somerset,23025,0.671,0.855,0.66275,0.044244117,0.95,0.352,0.029714902,0.86,0.05
 Waldo,23027,0.414,0.966,0.76325,0.022354634,0.95,0.352,0.040513246,0.86,0.05
 Washington,23029,0.502,0.963,0.75,0,0.95,0.352,0.028933057,0.86,0.05
 York,23031,0.156,0.983,0.16325,0.048231369,0.95,0.352,0.054730023,0.86,0.05
 Allegany,24001,0.466,0.669,0.8815,0.159545857,0.95,0.470166667,0.049984321,0.64,0.95
 Anne Arundel,24003,0.025,0.986,0.126,0.183300081,0.95,0.470166667,0.069398802,0.64,0.05
 Baltimore,24005,0.037,0.823,0.09225,0.108285074,0.95,0.470166667,0.072971873,0.64,0.05
 Calvert,24009,0.117,0.99,0.41525,0.252034253,0.95,0.470166667,0.067262323,0.64,0.95
 Caroline,24011,0.544,0.993,0.8185,0.325792819,0.95,0.470166667,0.062260672,0.64,0.95
 Carroll,24013,0.041,0.788,0.4135,0.123755033,0.95,0.470166667,0.063903929,0.64,0.95
 Cecil,24015,0.298,0.995,0.4245,0.227526575,0.95,0.470166667,0.063974418,0.64,0.05
 Charles,24017,0.085,0.982,0.33825,0.300617736,0.95,0.470166667,0.055821896,0.64,0.05
 Dorchester,24019,0.625,0.993,0.72025,0.334112494,0.95,0.470166667,0.054626093,0.64,0.95
 Frederick,24021,0.021,0.807,0.597,0.113852247,0.95,0.470166667,0.065658362,0.64,0.05
 Garrett,24023,0.263,0.855,0.34325,0,0.15,0.470166667,0.0466002,0.64,0.05
 Harford,24025,0.051,0.973,0.44875,0.060455074,0.95,0.470166667,0.068371879,0.64,0.05
 Howard,24027,0.003,0.919,0.212,0.174455564,0.95,0.470166667,0.070332781,0.64,0.05
 Kent,24029,0.325,0.976,0.909,0.266930908,0.95,0.470166667,0.055225457,0.64,0.95
 Montgomery,24031,0.007,0.923,0.11525,0.12582068,0.95,0.470166667,0.064874739,0.64,0.05
 Prince George's,24033,0.157,0.922,0.06875,0.127372763,0.95,0.470166667,0.053210006,0.64,0.05
 Queen Anne's,24035,0.132,0.987,0.8975,0.260439363,0.95,0.470166667,0.053210006,0.64,0.95
 St. Mary's,24037,0.208,1,0.6605,0.286806525,0.95,0.470166667,0.053210006,0.64,0.95
 Somerset,24039,0.88,0.992,0.94925,0.300421475,0.95,0.470166667,0.055821896,0.64,0.05
 Talbot,24041,0.159,0.991,0.68825,0.340012177,0.95,0.470166667,0.060209437,0.64,0.95
 Washington,24043,0.32,0.644,0.381,0.20284281,0.95,0.470166667,0.058284511,0.64,0.05
 Wicomico,24045,0.281,0.966,0.78775,0.268923276,0.95,0.470166667,0.054722862,0.64,0.05
 Worcester,24047,0.244,0.953,0.94275,0.31799533,0.95,0.470166667,0.056799745,0.64,0.95
 Baltimore,24510,0.514,0.505,0.08625,0.010271817,0.95,0.470166667,0.072971873,0.64,0.05
 Barnstable,25001,0.232,0.953,0.22,0.402995869,0.95,0.4325,0.151954657,0.4,0.95
 Berkshire,25003,0.355,0.839,0.43125,0,0.95,0.4325,0.058075689,0.4,0.05
 Bristol,25005,0.145,0.971,0.1445,0.103910633,0.95,0.4325,0.091196176,0.4,0.05
 Dukes,25007,0.157,0.937,0.88975,0.760500506,0.95,0.4325,0.058806652,0.4,0.95
 Essex,25009,0.056,0.973,0.0535,0.070686959,0.95,0.4325,0.088779059,0.4,0.05
 Franklin,25011,0.153,0.835,0.8335,0,0.95,0.4325,0.058180194,0.4,0.05
 Hampden,25013,0.227,0.704,0.12475,0.021038424,0.95,0.4325,0.073036293,0.4,0.05
 Hampshire,25015,0.083,0.772,0.44125,0.005264202,0.95,0.4325,0.064356157,0.4,0.05
 Middlesex,25017,0.012,0.978,0.02725,0.027679693,0.95,0.4325,0.093145718,0.4,0.05
 Nantucket,25019,0.082,0.929,0.75675,0.912182793,0.95,0.4325,0.074867286,0.4,0.95
 Norfolk,25021,0.022,0.977,0.0635,0.006590522,0.95,0.4325,0.08882981,0.4,0.05
 Plymouth,25023,0.069,0.98,0.34825,0.043170319,0.95,0.4325,0.075063332,0.4,0.95
 Suffolk,25025,0.099,0.914,0.055,0.049103893,0.95,0.4325,0.143222273,0.4,0.05
 Worcester,25027,0.061,0.803,0.08225,0.047397839,0.95,0.4325,0.077806482,0.4,0.05
 Alcona,26001,0.428,0.231,1,0.380253582,0.95,0.607333333,0.034681043,0.12,0.95
 Alger,26003,0.41,0.084,0.94025,0.154888958,0.95,0.607333333,0.030334913,0.12,0.95
 Allegan,26005,0.091,0.413,0.63575,0.264294948,0.15,0.607333333,0.051181372,0.12,0.05
 Alpena,26007,0.302,0.035,0.8985,0.415055181,0.95,0.607333333,0.038778375,0.12,0.95
 Antrim,26009,0.279,0.193,0.91775,0.217378089,0.95,0.607333333,0.047963708,0.12,0.95
 Arenac,26011,0.592,0.347,0.8525,0.327659835,0.15,0.607333333,0.04199523,0.12,0.95
 Baraga,26013,0.579,0.143,0.91475,0.20909698,0.95,0.607333333,0.048886328,0.12,0.95
 Barry,26015,0.244,0.343,0.85525,0.292356005,0.15,0.607333333,0.048600899,0.12,0.05
 Bay,26017,0.193,0.086,0.3895,0.411383145,0.15,0.607333333,0.045631381,0.12,0.05
 Benzie,26019,0.308,0.175,0.82775,0.326823212,0.15,0.607333333,0.049622339,0.12,0.95
 Berrien,26021,0.209,0.197,0.58175,0.328853637,0.15,0.607333333,0.050378719,0.12,0.05
 Branch,26023,0.497,0.116,0.87625,0.322134415,0.15,0.607333333,0.045639969,0.12,0.05
 Calhoun,26025,0.462,0.076,0.4355,0.294392773,0.15,0.607333333,0.044584441,0.12,0.05
 Cass,26027,0.473,0.376,0.8465,0.232318249,0.15,0.607333333,0.048427215,0.12,0.05
 Charlevoix,26029,0.196,0.104,0.8165,0.096240294,0.95,0.607333333,0.043871115,0.12,0.95
 Cheboygan,26031,0.467,0.137,0.74825,0.319909745,0.95,0.607333333,0.036163612,0.12,0.95
 Chippewa,26033,0.34,0.103,0.89775,0.178448249,0.95,0.607333333,0.033362061,0.12,0.95
 Clare,26035,0.657,0.195,0.9075,0.342649501,0.15,0.607333333,0.041615556,0.12,0.05
 Clinton,26037,0.036,0.121,0.8065,0.357064929,0.15,0.607333333,0.050954981,0.12,0.05
 Crawford,26039,0.454,0.579,0.81725,0.325256674,0.15,0.607333333,0.04191583,0.12,0.95
 Delta,26041,0.306,0.03,0.8675,0.176181885,0.95,0.607333333,0.030283191,0.12,0.95
 Dickinson,26043,0.324,0.012,0.35525,0.280055178,0.95,0.607333333,0.034357471,0.12,0.95
 Eaton,26045,0.063,0.126,0.769,0.341273157,0.15,0.607333333,0.044969551,0.12,0.05
 Emmet,26047,0.168,0.107,0.92225,0.291964485,0.95,0.607333333,0.047967794,0.12,0.95
 Genesee,26049,0.388,0.281,0.66025,0.397061417,0.15,0.607333333,0.046587583,0.12,0.05
 Gladwin,26051,0.701,0.21,1,0.352334632,0.15,0.607333333,0.04267564,0.12,0.95
 Gogebic,26053,0.33,0.079,0.9315,0.244529476,0.95,0.607333333,0.037572108,0.12,0.95
 Grand Traverse,26055,0.093,0.153,0.3535,0.280727178,0.15,0.607333333,0.060036698,0.12,0.05
 Gratiot,26057,0.433,0.145,0.70275,0.385495925,0.15,0.607333333,0.050518553,0.12,0.95
 Hillsdale,26059,0.511,0.154,0.9435,0.310590878,0.15,0.607333333,0.046397919,0.12,0.05
 Houghton,26061,0.269,0.014,0.908,0.198089123,0.95,0.607333333,0.036861298,0.12,0.95
 Huron,26063,0.413,0.229,0.8735,0.402920944,0.15,0.607333333,0.054762237,0.12,0.95
 Ingham,26065,0.06,0.041,0.17725,0.376955553,0.15,0.607333333,0.045260563,0.12,0.05
 Ionia,26067,0.416,0.208,0.91925,0.327699963,0.15,0.607333333,0.050835626,0.12,0.05
 Iosco,26069,0.53,0.311,1,0.404622482,0.15,0.607333333,0.038874267,0.12,0.95
 Iron,26071,0.474,0.038,0.96075,0.272198985,0.95,0.607333333,0.040571246,0.12,0.95
 Isabella,26073,0.185,0.141,0.34875,0.346722472,0.15,0.607333333,0.044062761,0.12,0.05
 Jackson,26075,0.357,0.084,0.511,0.353923895,0.15,0.607333333,0.044053865,0.12,0.05
 Kalamazoo,26077,0.047,0.15,0.6215,0.341884648,0.15,0.607333333,0.051089402,0.12,0.05
 Kalkaska,26079,0.594,0.422,0.34425,0.259697365,0.15,0.607333333,0.038585875,0.12,0.95
 Kent,26081,0.054,0.212,0.34675,0.285053053,0.15,0.607333333,0.055533299,0.12,0.05
 Keweenaw,26083,0.291,0.025,1,0.276784239,0.95,0.607333333,0.040007054,0.12,0.95
 Lake,26085,0.732,0.426,1,0.192695464,0.15,0.607333333,0.039859842,0.12,0.95
 Lapeer,26087,0.126,0.37,0.85525,0.405513435,0.15,0.607333333,0.050522431,0.12,0.05
 Leelanau,26089,0.129,0.148,0.844,0.375972947,0.15,0.607333333,0.063491701,0.12,0.95
 Lenawee,26091,0.191,0.251,0.8125,0.342008914,0.15,0.607333333,0.047536918,0.12,0.05
 Livingston,26093,0.008,0.247,0.4495,0.443136715,0.15,0.607333333,0.053780135,0.12,0.05
 Luce,26095,0.419,0.13,0.93825,0.165700972,0.95,0.607333333,0.03490632,0.12,0.95
 Mackinac,26097,0.381,0.162,0.8995,0.20498148,0.95,0.607333333,0.035308197,0.12,0.95
 Macomb,26099,0.066,0.25,0.358,0.27207929,0.95,0.607333333,0.055079785,0.12,0.95
 Manistee,26101,0.426,0.255,0.738,0.293030291,0.15,0.607333333,0.041089566,0.12,0.95
 Marquette,26103,0.161,0.083,0.6595,0.205951227,0.95,0.607333333,0.03668545,0.12,0.95
 Mason,26105,0.344,0.201,0.224,0.273364928,0.15,0.607333333,0.042588307,0.12,0.95
 Mecosta,26107,0.491,0.149,0.752,0.319870257,0.15,0.607333333,0.041279884,0.12,0.05
 Menominee,26109,0.228,0.035,1,0.266112926,0.95,0.607333333,0.034635812,0.12,0.95
 Midland,26111,0.052,0.147,0.452,0.349738492,0.15,0.607333333,0.046587583,0.12,0.05
 Missaukee,26113,0.554,0.323,0.833,0.332334795,0.15,0.607333333,0.043674141,0.12,0.95
 Monroe,26115,0.092,0.119,0.79275,0.378995901,0.15,0.607333333,0.049590738,0.12,0.05
 Montcalm,26117,0.627,0.242,0.837,0.355358966,0.15,0.607333333,0.043987094,0.12,0.05
 Montmorency,26119,0.492,0.265,0.64125,0.376023668,0.95,0.607333333,0.039918792,0.12,0.95
 Muskegon,26121,0.457,0.053,0.4815,0.258207827,0.15,0.607333333,0.046591789,0.12,0.95
 Newaygo,26123,0.669,0.326,0.8575,0.245575226,0.15,0.607333333,0.046024762,0.12,0.95
 Oakland,26125,0.001,0.168,0.066,0.291410823,0.15,0.607333333,0.077301141,0.12,0.05
 Oceana,26127,0.686,0.186,0.784,0.206715175,0.15,0.607333333,0.045781435,0.12,0.95
 Ogemaw,26129,0.588,0.338,0.4665,0.324395851,0.15,0.607333333,0.036540945,0.12,0.95
 Ontonagon,26131,0.349,0.086,0.93,0.244918772,0.95,0.607333333,0.037368151,0.12,0.95
 Osceola,26133,0.662,0.302,0.37725,0.316906714,0.15,0.607333333,0.03711559,0.12,0.05
 Oscoda,26135,0.528,0.447,1,0.382623089,0.15,0.607333333,0.038828874,0.12,0.95
 Otsego,26137,0.348,0.275,0.4305,0.291367188,0.95,0.607333333,0.037273641,0.12,0.95
 Ottawa,26139,0.007,0.196,0.391,0.264732103,0.15,0.607333333,0.058536121,0.12,0.05
 Presque Isle,26141,0.456,0.087,0.70975,0.370379341,0.95,0.607333333,0.03778015,0.12,0.95
 Roscommon,26143,0.527,0.271,0.8365,0.40883889,0.15,0.607333333,0.039953139,0.12,0.95
 Saginaw,26145,0.423,0.201,0.6315,0.402676802,0.15,0.607333333,0.047193537,0.12,0.05
 St. Clair,26147,0.15,0.199,0.34325,0.422242728,0.95,0.607333333,0.053210006,0.12,0.05
 St. Joseph,26149,0.443,0.174,0.84025,0.34316119,0.15,0.607333333,0.053210006,0.12,0.05
 Sanilac,26151,0.498,0.273,1,0.456905433,0.95,0.607333333,0.050003919,0.12,0.95
 Schoolcraft,26153,0.566,0.146,0.94775,0.126041341,0.95,0.607333333,0.033356187,0.12,0.95
 Shiawassee,26155,0.182,0.325,0.64725,0.387308162,0.15,0.607333333,0.048641201,0.12,0.05
 Tuscola,26157,0.416,0.361,0.691,0.394079648,0.15,0.607333333,0.050335915,0.12,0.95
 Van Buren,26159,0.533,0.295,0.7245,0.212915738,0.15,0.607333333,0.049850851,0.12,0.05
 Washtenaw,26161,0.001,0.051,0.414,0.288098969,0.15,0.607333333,0.054633267,0.12,0.05
 Wayne,26163,0.434,0.015,0.026,0.125359581,0.95,0.607333333,0.089447539,0.12,0.05
 Wexford,26165,0.442,0.397,0.61375,0.269043651,0.15,0.607333333,0.039185547,0.12,0.05
 Aitkin,27001,0.427,0.526,0.92725,0.516807246,0.95,0.532833333,0.03344419,0.2,0.95
 Anoka,27003,0.025,0.065,0.574,0.406888763,0.95,0.532833333,0.061129952,0.2,0.05
 Becker,27005,0.335,0.608,0.949,0.617101937,0.95,0.532833333,0.036573106,0.2,0.05
 Beltrami,27007,0.502,0.317,0.38025,0.640128076,0.95,0.532833333,0.034647125,0.2,0.95
 Benton,27009,0.133,0.184,0.7455,0.502262682,0.95,0.532833333,0.044912868,0.2,0.95
 Big Stone,27011,0.231,0.381,1,0.590571284,0.95,0.532833333,0.043485289,0.2,0.95
 Blue Earth,27013,0.095,0.09,0.445,0.388226476,0.95,0.532833333,0.05512957,0.2,0.95
 Brown,27015,0.242,0.062,0.704,0.46110921,0.95,0.532833333,0.057068205,0.2,0.05
 Carlton,27017,0.256,0.205,0.8505,0.355578803,0.95,0.532833333,0.034516798,0.2,0.95
 Carver,27019,0.053,0.105,0.719,0.435986578,0.95,0.532833333,0.056481459,0.2,0.05
 Cass,27021,0.358,0.192,0.94575,0.592507912,0.95,0.532833333,0.034567854,0.2,0.95
 Chippewa,27023,0.229,0.286,0.9235,0.546623049,0.95,0.532833333,0.055083343,0.2,0.05
 Chisago,27025,0.123,0.108,0.82525,0.472368934,0.95,0.532833333,0.052444553,0.2,0.95
 Clay,27027,0.02,0.251,0.83075,0.596481516,0.95,0.532833333,0.043091462,0.2,0.05
 Clearwater,27029,0.59,0.549,0.79725,0.575117423,0.95,0.532833333,0.033602016,0.2,0.95
 Cook,27031,0.118,0.23,1,0.358318754,0.95,0.532833333,0.054197533,0.2,0.95
 Cottonwood,27033,0.564,0.469,0.84875,0.474848669,0.95,0.532833333,0.056772139,0.2,0.95
 Crow Wing,27035,0.093,0.202,0.8025,0.581184686,0.95,0.532833333,0.03534148,0.2,0.95
 Dakota,27037,0.012,0.012,0.08575,0.298819011,0.95,0.532833333,0.057016676,0.2,0.05
 Dodge,27039,0.149,0.183,0.70925,0.272543228,0.95,0.532833333,0.058106049,0.2,0.05
 Douglas,27041,0.123,0.198,0.86725,0.648599461,0.95,0.532833333,0.042241811,0.2,0.05
 Faribault,27043,0.356,0.259,0.8885,0.428485588,0.95,0.532833333,0.056581981,0.2,0.95
 Fillmore,27045,0.299,0.538,0.8605,0.331019896,0.95,0.532833333,0.048163482,0.2,0.05
 Freeborn,27047,0.218,0.143,0.9045,0.341533675,0.95,0.532833333,0.054926592,0.2,0.05
 Goodhue,27049,0.24,0.226,0.64475,0.30449888,0.95,0.532833333,0.057044164,0.2,0.05
 Grant,27051,0.24,0.447,1,0.624585444,0.95,0.532833333,0.043701054,0.2,0.05
 Hennepin,27053,0.004,0.064,0.0455,0.362761366,0.95,0.532833333,0.082191053,0.2,0.05
 Houston,27055,0.195,0.743,1,0.293988923,0.95,0.532833333,0.045182565,0.2,0.05
 Hubbard,27057,0.228,0.217,0.9015,0.61919405,0.95,0.532833333,0.037930267,0.2,0.95
 Isanti,27059,0.189,0.195,0.82325,0.430447237,0.95,0.532833333,0.048224471,0.2,0.05
 Itasca,27061,0.283,0.114,0.69775,0.531946573,0.95,0.532833333,0.036304222,0.2,0.95
 Jackson,27063,0.254,0.533,0.84625,0.456422834,0.95,0.532833333,0.057543511,0.2,0.05
 Kanabec,27065,0.407,0.374,1,0.400587142,0.95,0.532833333,0.035667113,0.2,0.05
 Kandiyohi,27067,0.3,0.135,0.72675,0.518258049,0.95,0.532833333,0.053969271,0.2,0.05
 Kittson,27069,0.218,0.898,0.85825,0.641360826,0.95,0.532833333,0.036293425,0.2,0.05
 Koochiching,27071,0.287,0.071,0.95125,0.440591446,0.95,0.532833333,0.031890578,0.2,0.95
 Lac qui Parle,27073,0.25,0.442,0.91,0.570183831,0.95,0.532833333,0.049933331,0.2,0.95
 Lake,27075,0.104,0.024,0.94875,0.409224469,0.95,0.532833333,0.055867512,0.2,0.95
 Lake of the Woods,27077,0.221,0.538,0.91125,0.568530258,0.95,0.532833333,0.032031592,0.2,0.95
 Le Sueur,27079,0.312,0.231,0.90825,0.348573963,0.95,0.532833333,0.054193918,0.2,0.95
 Lincoln,27081,0.401,0.615,0.89,0.532475937,0.95,0.532833333,0.049945102,0.2,0.95
 Lyon,27083,0.388,0.125,0.88175,0.471263098,0.95,0.532833333,0.052920655,0.2,0.95
 McLeod,27085,0.14,0.273,0.227,0.463065413,0.95,0.532833333,0.053182905,0.2,0.05
 Mahnomen,27087,0.663,0.656,1,0.533477394,0.95,0.532833333,0.040421242,0.2,0.05
 Marshall,27089,0.303,0.886,0.93675,0.686368926,0.95,0.532833333,0.035235975,0.2,0.05
 Martin,27091,0.382,0.233,0.917,0.424554209,0.95,0.532833333,0.059284547,0.2,0.95
 Meeker,27093,0.321,0.235,1,0.55415871,0.95,0.532833333,0.0482935,0.2,0.05
 Mille Lacs,27095,0.414,0.326,0.869,0.517003936,0.95,0.532833333,0.039265477,0.2,0.05
 Morrison,27097,0.51,0.553,0.93475,0.550733398,0.95,0.532833333,0.039040258,0.2,0.95
 Mower,27099,0.212,0.162,0.8565,0.310268839,0.95,0.532833333,0.056827338,0.2,0.05
 Murray,27101,0.362,0.365,0.9115,0.470654231,0.95,0.532833333,0.057991275,0.2,0.95
 Nicollet,27103,0.165,0.073,0.91825,0.473904403,0.95,0.532833333,0.058112793,0.2,0.05
 Nobles,27105,0.481,0.286,0.92125,0.515781983,0.95,0.532833333,0.058072315,0.2,0.05
 Norman,27107,0.294,0.577,0.92075,0.576122702,0.95,0.532833333,0.042625101,0.2,0.95
 Olmsted,27109,0.054,0.09,0.434,0.31501125,0.95,0.532833333,0.052593798,0.2,0.05
 Otter Tail,27111,0.147,0.232,0.64275,0.674955287,0.95,0.532833333,0.038793531,0.2,0.05
 Pennington,27113,0.219,0.243,0.91275,0.628343329,0.95,0.532833333,0.035639633,0.2,0.05
 Pine,27115,0.403,0.372,0.82275,0.428034123,0.95,0.532833333,0.035793252,0.2,0.05
 Pipestone,27117,0.328,0.561,0.9555,0.624387639,0.95,0.532833333,0.054030961,0.2,0.95
 Polk,27119,0.213,0.775,0.90075,0.604391484,0.95,0.532833333,0.041151516,0.2,0.05
 Pope,27121,0.242,0.412,1,0.620681602,0.95,0.532833333,0.045566921,0.2,0.05
 Ramsey,27123,0.036,0.008,0.55225,0.339387852,0.95,0.532833333,0.13568063,0.2,0.05
 Red Lake,27125,0.146,0.65,0.943,0.577003575,0.95,0.532833333,0.034007782,0.2,0.05
 Redwood,27127,0.332,0.332,0.93525,0.466341082,0.95,0.532833333,0.057403722,0.2,0.05
 Renville,27129,0.39,0.312,0.943,0.484931274,0.95,0.532833333,0.05647452,0.2,0.05
 Rice,27131,0.172,0.055,0.67725,0.273835986,0.95,0.532833333,0.057136838,0.2,0.05
 Rock,27133,0.272,0.554,1,0.654402327,0.95,0.532833333,0.058829973,0.2,0.05
 Roseau,27135,0.193,0.776,0.95325,0.591775666,0.95,0.532833333,0.031619058,0.2,0.95
 St. Louis,27137,0.12,0.004,0.102,0.385650534,0.95,0.532833333,0.039230528,0.2,0.95
 Scott,27139,0.055,0.104,0.56525,0.412536624,0.95,0.532833333,0.061168406,0.2,0.95
 Sherburne,27141,0.253,0.195,0.426,0.465095982,0.95,0.532833333,0.053050095,0.2,0.05
 Sibley,27143,0.371,0.262,0.96175,0.433753242,0.95,0.532833333,0.056913479,0.2,0.05
 Stearns,27145,0.098,0.205,0.5925,0.525392709,0.95,0.532833333,0.046868549,0.2,0.05
 Steele,27147,0.147,0.064,0.79125,0.25218937,0.95,0.532833333,0.059990985,0.2,0.05
 Stevens,27149,0.137,0.161,0.93775,0.620062913,0.95,0.532833333,0.050261894,0.2,0.05
 Swift,27151,0.286,0.408,0.9215,0.5868645,0.95,0.532833333,0.05,0.2,0.05
 Todd,27153,0.471,0.45,0.9205,0.571156337,0.95,0.532833333,0.037842339,0.2,0.95
 Traverse,27155,0.374,0.403,1,0.630832148,0.95,0.532833333,0.046309143,0.2,0.05
 Wabasha,27157,0.284,0.505,1,0.297121395,0.95,0.532833333,0.050997266,0.2,0.05
 Wadena,27159,0.455,0.57,0.8385,0.587585227,0.95,0.532833333,0.035579101,0.2,0.95
 Waseca,27161,0.381,0.13,1,0.248589225,0.95,0.532833333,0.058809984,0.2,0.95
 Washington,27163,0.013,0.031,0.10875,0.405018079,0.95,0.532833333,0.066606547,0.2,0.05
 Watonwan,27165,0.481,0.202,0.9405,0.427200243,0.95,0.532833333,0.056311203,0.2,0.95
 Wilkin,27167,0.087,0.808,1,0.633898614,0.95,0.532833333,0.046080078,0.2,0.05
 Winona,27169,0.131,0.272,0.9065,0.334768394,0.95,0.532833333,0.051775196,0.2,0.05
 Wright,27171,0.199,0.269,0.63275,0.508664601,0.95,0.532833333,0.055765701,0.2,0.05
 Yellow Medicine,27173,0.399,0.281,1,0.532354545,0.95,0.532833333,0.052608699,0.2,0.95
 Adams,28001,0.779,0.357,0.42525,0.272871872,0.1,0.611333333,0.035771347,0.9,0.95
 Alcorn,28003,0.933,0.587,0.82125,0.223360914,0.95,0.611333333,0.030508827,0.9,0.05
 Amite,28005,0.981,0.624,0.5485,0.098744528,0.1,0.611333333,0.036044207,0.9,0.05
 Attala,28007,0.974,0.773,0.864,0.214795934,0.15,0.611333333,0.029622435,0.9,0.95
 Benton,28009,0.927,0.572,0.9085,0.23720313,0.95,0.611333333,0.032571505,0.9,0.05
 Bolivar,28011,0.939,0.37,0.6595,0.462894328,0.95,0.611333333,0.041099103,0.9,0.95
 Calhoun,28013,0.995,0.58,0.92225,0.251383223,0.95,0.611333333,0.030847363,0.9,0.95
 Carroll,28015,0.959,0.767,0.94325,0.280967554,0.15,0.611333333,0.033741685,0.9,0.05
 Chickasaw,28017,0.991,0.345,0.946,0.186057789,0.95,0.611333333,0.030592211,0.9,0.95
 Choctaw,28019,0.941,0.636,0.621,0.248649653,0.15,0.611333333,0.028987188,0.9,0.95
 Claiborne,28021,0.956,0.61,1,0.195812642,0.15,0.611333333,0.034168739,0.9,0.95
 Clarke,28023,0.956,0.818,0.39775,0.140882252,0.15,0.611333333,0.038377094,0.9,0.95
 Clay,28025,0.865,0.475,0.925,0.17216259,0.95,0.611333333,0.029951364,0.9,0.95
 Coahoma,28027,0.805,0.029,0.89725,0.395087978,0.95,0.611333333,0.039145521,0.9,0.05
 Copiah,28029,0.979,0.756,0.94325,0.17125602,0.1,0.611333333,0.036567748,0.9,0.05
 Covington,28031,0.963,0.813,0.79475,0.137561016,0.15,0.611333333,0.039790957,0.9,0.95
 DeSoto,28033,0.423,0.547,0.59175,0.211673936,0.95,0.611333333,0.040888778,0.9,0.05
 Forrest,28035,0.787,0.763,0.23525,0.089694945,0.15,0.611333333,0.044443574,0.9,0.05
 Franklin,28037,0.934,0.777,1,0.126655802,0.1,0.611333333,0.035452199,0.9,0.05
 George,28039,0.949,0.935,0.62125,0.11539175,0.15,0.611333333,0.041719019,0.9,0.95
 Greene,28041,0.941,0.873,0.9235,0.143887827,0.15,0.611333333,0.039943329,0.9,0.95
 Grenada,28043,0.859,0.6,0.87975,0.269273298,0.95,0.611333333,0.032475104,0.9,0.05
 Hancock,28045,0.964,0.98,0.4085,0.020620959,0.15,0.611333333,0.040460006,0.9,0.05
 Harrison,28047,0.791,0.968,0.17025,0.005090102,0.15,0.611333333,0.061104302,0.9,0.05
 Hinds,28049,0.732,0.49,0.11275,0.225465669,0.15,0.611333333,0.036898491,0.9,0.05
 Holmes,28051,0.999,0.706,0.9595,0.353279803,0.15,0.611333333,0.034243212,0.9,0.05
 Humphreys,28053,0.929,0.437,0.928,0.309125401,0.15,0.611333333,0.037083899,0.9,0.95
 Issaquena,28055,0.875,0.358,1,0.378350805,0.1,0.611333333,0.033584516,0.9,0.95
 Itawamba,28057,0.812,0.449,0.888,0.091684807,0.95,0.611333333,0.03173659,0.9,0.95
 Jackson,28059,0.758,0.968,0.11225,0.066472155,0.15,0.611333333,0.047085457,0.9,0.05
 Jasper,28061,0.977,0.772,0.63775,0.163117725,0.1,0.611333333,0.036909111,0.9,0.05
 Jefferson,28063,0.995,0.664,0.866,0.203515863,0.15,0.611333333,0.036417395,0.9,0.95
 Jefferson Davis,28065,0.991,0.819,0.85225,0.207129099,0.15,0.611333333,0.035347024,0.9,0.95
 Jones,28067,0.873,0.845,0.0875,0.154097174,0.1,0.611333333,0.042739876,0.9,0.05
 Kemper,28069,0.937,0.673,0.6355,0.159377302,0.15,0.611333333,0.029222833,0.9,0.95
 Lafayette,28071,0.691,0.533,0.815,0.197935707,0.95,0.611333333,0.035628634,0.9,0.95
 Lamar,28073,0.62,0.881,0.452,0.143462827,0.15,0.611333333,0.042093104,0.9,0.05
 Lauderdale,28075,0.816,0.537,0.23225,0.148657853,0.15,0.611333333,0.032829181,0.9,0.05
 Lawrence,28077,0.97,0.811,0.52675,0.184763968,0.15,0.611333333,0.037025728,0.9,0.95
 Leake,28079,0.996,0.681,0.852,0.178969206,0.15,0.611333333,0.038580796,0.9,0.95
 Lee,28081,0.766,0.584,0.58675,0.079859944,0.95,0.611333333,0.035886201,0.9,0.95
 Leflore,28083,0.923,0.468,0.8395,0.333665108,0.95,0.611333333,0.037899257,0.9,0.05
 Lincoln,28085,0.921,0.83,0.6785,0.164272255,0.1,0.611333333,0.038995058,0.9,0.05
 Lowndes,28087,0.808,0.536,0.33675,0.127065549,0.95,0.611333333,0.035269326,0.9,0.95
 Madison,28089,0.253,0.611,0.13425,0.236121602,0.1,0.611333333,0.036962164,0.9,0.05
 Marion,28091,0.985,0.891,0.3565,0.171684841,0.15,0.611333333,0.037686673,0.9,0.95
 Marshall,28093,0.95,0.668,0.82825,0.210519901,0.95,0.611333333,0.034533825,0.9,0.05
 Monroe,28095,0.81,0.508,0.543,0.091727639,0.95,0.611333333,0.030405887,0.9,0.95
 Montgomery,28097,0.976,0.729,0.94025,0.261070307,0.95,0.611333333,0.032244996,0.9,0.05
 Neshoba,28099,0.966,0.743,0.50025,0.168344134,0.15,0.611333333,0.034408763,0.9,0.95
 Newton,28101,0.995,0.795,0.8765,0.090147236,0.15,0.611333333,0.036163612,0.9,0.05
 Noxubee,28103,0.983,0.656,0.95725,0.199479632,0.15,0.611333333,0.037645053,0.9,0.95
 Oktibbeha,28105,0.646,0.353,0.6345,0.181535688,0.95,0.611333333,0.033391416,0.9,0.95
 Panola,28107,0.99,0.684,0.6015,0.203395656,0.95,0.611333333,0.035091085,0.9,0.05
 Pearl River,28109,0.801,0.924,0.439,0.116819057,0.15,0.611333333,0.039050295,0.9,0.05
 Perry,28111,0.935,0.841,0.81775,0.140864527,0.15,0.611333333,0.037852694,0.9,0.95
 Pike,28113,0.988,0.519,0.4175,0.088980954,0.1,0.611333333,0.042625101,0.9,0.95
 Pontotoc,28115,0.905,0.588,0.86125,0.138966328,0.95,0.611333333,0.032876898,0.9,0.95
 Prentiss,28117,0.943,0.593,0.82725,0.144681316,0.95,0.611333333,0.030675368,0.9,0.95
 Quitman,28119,0.938,0.222,1,0.302900805,0.95,0.611333333,0.034122829,0.9,0.95
 Rankin,28121,0.431,0.696,0.0885,0.204244336,0.1,0.611333333,0.039859842,0.9,0.05
 Scott,28123,0.998,0.756,0.59575,0.171513652,0.15,0.611333333,0.036406632,0.9,0.05
 Sharkey,28125,0.854,0.378,0.9245,0.389105636,0.15,0.611333333,0.038315773,0.9,0.95
 Simpson,28127,0.981,0.712,0.73525,0.190046421,0.1,0.611333333,0.03541902,0.9,0.95
 Smith,28129,0.975,0.738,0.6225,0.0966261,0.1,0.611333333,0.037305171,0.9,0.05
 Stone,28131,0.888,0.882,0.60425,0.018990018,0.15,0.611333333,0.039583583,0.9,0.95
 Sunflower,28133,0.915,0.406,0.87475,0.454021533,0.95,0.611333333,0.039800805,0.9,0.05
 Tallahatchie,28135,0.997,0.443,1,0.308943178,0.95,0.611333333,0.03743626,0.9,0.05
 Tate,28137,0.953,0.604,0.8575,0.262288082,0.95,0.611333333,0.036017014,0.9,0.05
 Tippah,28139,0.984,0.689,0.8985,0.235064485,0.95,0.611333333,0.03052809,0.9,0.05
 Tishomingo,28141,0.986,0.5,0.866,0.136881233,0.95,0.611333333,0.029957905,0.9,0.95
 Tunica,28143,0.897,0.078,0.872,0.359482493,0.95,0.611333333,0.040927099,0.9,0.95
 Union,28145,0.858,0.672,0.85,0.080090306,0.95,0.611333333,0.02993173,0.9,0.95
 Walthall,28147,0.997,0.682,1,0.116282167,0.15,0.611333333,0.038290193,0.9,0.95
 Warren,28149,0.771,0.39,0.481,0.303233642,0.1,0.611333333,0.032086603,0.9,0.05
 Washington,28151,0.822,0.183,0.8365,0.448954849,0.15,0.611333333,0.041939199,0.9,0.05
 Wayne,28153,0.971,0.765,0.53475,0.178559084,0.1,0.611333333,0.036352768,0.9,0.95
 Webster,28155,0.867,0.676,0.953,0.237971969,0.95,0.611333333,0.029463244,0.9,0.95
 Wilkinson,28157,0.993,0.912,1,0.168239759,0.15,0.611333333,0.033741685,0.9,0.95
 Winston,28159,0.888,0.695,0.89625,0.231531469,0.15,0.611333333,0.032275367,0.9,0.95
 Yalobusha,28161,0.911,0.545,0.87325,0.191251276,0.95,0.611333333,0.031420116,0.9,0.05
 Yazoo,28163,0.989,0.748,0.43375,0.251922804,0.1,0.611333333,0.03550191,0.9,0.05
 Adair,29001,0.538,0.178,0.8765,0.323376465,0.95,0.5975,0.040075567,0.68,0.95
 Andrew,29003,0.425,0.266,0.8905,0.484014144,0.95,0.5975,0.04457565,0.68,0.05
 Atchison,29005,0.483,0.335,0.92025,0.527844283,0.95,0.5975,0.049376898,0.68,0.05
 Audrain,29007,0.637,0.126,0.5355,0.471122735,0.95,0.5975,0.050031343,0.68,0.95
 Barry,29009,0.937,0.846,0.8725,0.264062781,0.15,0.5975,0.041450424,0.68,0.05
 Barton,29011,0.604,0.86,0.9045,0.481780489,0.15,0.5975,0.040212245,0.68,0.05
 Bates,29013,0.59,0.664,0.8925,0.475464518,0.95,0.5975,0.039623166,0.68,0.05
 Benton,29015,0.89,0.867,1,0.389726412,0.95,0.5975,0.039692342,0.68,0.95
 Bollinger,29017,0.807,0.821,0.95775,0.23485587,0.95,0.5975,0.037608598,0.68,0.05
 Boone,29019,0.186,0.196,0.37375,0.487875319,0.95,0.5975,0.046881091,0.68,0.95
 Buchanan,29021,0.555,0.145,0.586,0.537377279,0.95,0.5975,0.045926733,0.68,0.05
 Butler,29023,0.828,0.839,0.453,0.265236887,0.95,0.5975,0.044641541,0.68,0.95
 Caldwell,29025,0.783,0.223,0.95575,0.455061492,0.95,0.5975,0.041840964,0.68,0.95
 Callaway,29027,0.562,0.401,0.5985,0.509852014,0.95,0.5975,0.042703181,0.68,0.05
 Camden,29029,0.458,0.763,0.9095,0.362283227,0.95,0.5975,0.033426608,0.68,0.95
 Cape Girardeau,29031,0.379,0.575,0.676,0.333467615,0.15,0.5975,0.043123283,0.68,0.05
 Carroll,29033,0.576,0.552,0.8745,0.554201756,0.95,0.5975,0.045858415,0.68,0.95
 Carter,29035,0.746,0.897,0.9055,0.187122003,0.95,0.5975,0.03029613,0.68,0.95
 Cass,29037,0.238,0.362,0.454,0.47739745,0.95,0.5975,0.04180348,0.68,0.05
 Cedar,29039,0.877,0.742,0.84775,0.344056619,0.95,0.5975,0.038402616,0.68,0.95
 Chariton,29041,0.679,0.809,0.9325,0.456487455,0.95,0.5975,0.044067208,0.68,0.95
 Christian,29043,0.258,0.718,0.6665,0.242921434,0.15,0.5975,0.046574963,0.68,0.05
 Clark,29045,0.612,0.611,0.93325,0.357298993,0.95,0.5975,0.043638233,0.68,0.95
 Clay,29047,0.078,0.143,0.57875,0.453509915,0.95,0.5975,0.050970361,0.68,0.05
 Clinton,29049,0.563,0.242,0.87525,0.455262578,0.95,0.5975,0.047230892,0.68,0.95
 Cole,29051,0.319,0.282,0.618,0.454686426,0.95,0.5975,0.044610804,0.68,0.05
 Cooper,29053,0.512,0.471,0.93225,0.46475337,0.95,0.5975,0.045901125,0.68,0.95
 Crawford,29055,0.799,0.653,0.845,0.309847237,0.95,0.5975,0.033607847,0.68,0.05
 Dade,29057,0.859,0.84,0.91925,0.335190319,0.15,0.5975,0.037141979,0.68,0.95
 Dallas,29059,0.871,0.891,1,0.338101579,0.95,0.5975,0.040469691,0.68,0.95
 Daviess,29061,0.739,0.616,0.89125,0.474053747,0.95,0.5975,0.042074479,0.68,0.95
 DeKalb,29063,0.676,0.294,0.82875,0.537864298,0.95,0.5975,0.041789415,0.68,0.95
 Dent,29065,0.989,0.888,0.898,0.290937352,0.95,0.5975,0.033828686,0.68,0.95
 Douglas,29067,0.932,0.902,0.929,0.222924485,0.95,0.5975,0.033921241,0.68,0.95
 Dunklin,29069,0.843,0.347,0.6585,0.333896488,0.95,0.5975,0.052144781,0.68,0.95
 Franklin,29071,0.231,0.429,0.6205,0.3550714,0.95,0.5975,0.047043822,0.68,0.05
 Gasconade,29073,0.532,0.444,0.95625,0.364416144,0.95,0.5975,0.038722749,0.68,0.05
 Gentry,29075,0.746,0.338,1,0.542638036,0.95,0.5975,0.041751885,0.68,0.95
 Greene,29077,0.277,0.342,0.34125,0.235686325,0.95,0.5975,0.052392216,0.68,0.05
 Grundy,29079,0.667,0.445,0.87775,0.426574845,0.95,0.5975,0.041075256,0.68,0.95
 Harrison,29081,0.855,0.654,1,0.447774866,0.95,0.5975,0.038585875,0.68,0.95
 Henry,29083,0.697,0.853,0.84225,0.467840681,0.95,0.5975,0.039731818,0.68,0.05
 Hickory,29085,0.897,0.873,0.88975,0.35856063,0.95,0.5975,0.03738388,0.68,0.95
 Holt,29087,0.56,0.151,0.9425,0.530759171,0.95,0.5975,0.047317938,0.68,0.05
 Howard,29089,0.629,0.713,0.905,0.50461434,0.95,0.5975,0.038859142,0.68,0.95
 Howell,29091,0.866,0.901,0.671,0.293494344,0.95,0.5975,0.033677742,0.68,0.95
 Iron,29093,0.917,0.796,1,0.186957789,0.95,0.5975,0.032511288,0.68,0.95
 Jackson,29095,0.338,0.066,0.0825,0.359715745,0.95,0.5975,0.05108173,0.68,0.05
 Jasper,29097,0.473,0.602,0.39825,0.431215659,0.15,0.5975,0.040464849,0.68,0.05
 Jefferson,29099,0.241,0.381,0.633,0.379239928,0.95,0.5975,0.048147205,0.68,0.05
 Johnson,29101,0.447,0.683,0.68875,0.367237834,0.95,0.5975,0.043313713,0.68,0.05
 Knox,29103,0.752,0.352,1,0.393670102,0.95,0.5975,0.042945698,0.68,0.95
 Laclede,29105,0.803,0.791,0.69625,0.335168762,0.95,0.5975,0.037131425,0.68,0.05
 Lafayette,29107,0.63,0.607,0.8795,0.486921559,0.95,0.5975,0.05359033,0.68,0.95
 Lawrence,29109,0.82,0.812,0.667,0.338268625,0.15,0.5975,0.041831596,0.68,0.05
 Lewis,29111,0.674,0.378,0.86775,0.406100818,0.95,0.5975,0.043647213,0.68,0.95
 Lincoln,29113,0.651,0.609,0.39225,0.391222534,0.95,0.5975,0.044350886,0.68,0.95
 Linn,29115,0.629,0.293,1,0.457234296,0.95,0.5975,0.040864809,0.68,0.95
 Livingston,29117,0.543,0.104,0.64075,0.464329217,0.95,0.5975,0.04287263,0.68,0.95
 McDonald,29119,0.97,0.887,0.94175,0.234639633,0.15,0.5975,0.039145521,0.68,0.05
 Macon,29121,0.665,0.445,0.8705,0.375728462,0.95,0.5975,0.039721953,0.68,0.95
 Madison,29123,0.823,0.744,0.904,0.152172892,0.95,0.5975,0.032086603,0.68,0.95
 Maries,29125,0.721,0.824,0.931,0.331944573,0.95,0.5975,0.035046383,0.68,0.95
 Marion,29127,0.573,0.101,0.81,0.417381836,0.95,0.5975,0.049305412,0.68,0.05
 Mercer,29129,0.655,0.516,0.83775,0.42908232,0.95,0.5975,0.039110465,0.68,0.95
 Miller,29131,0.701,0.833,0.8725,0.361302944,0.95,0.5975,0.035809673,0.68,0.95
 Mississippi,29133,0.814,0.425,1,0.370892213,0.95,0.5975,0.0514182,0.68,0.05
 Moniteau,29135,0.616,0.608,0.783,0.461077664,0.95,0.5975,0.042826899,0.68,0.05
 Monroe,29137,0.69,0.336,1,0.449588209,0.95,0.5975,0.045082704,0.68,0.95
 Montgomery,29139,0.75,0.395,0.804,0.395862534,0.95,0.5975,0.047685085,0.68,0.05
 Morgan,29141,0.846,0.863,1,0.341646419,0.95,0.5975,0.044377388,0.68,0.05
 New Madrid,29143,0.776,0.668,0.75825,0.362939855,0.95,0.5975,0.051257888,0.68,0.05
 Newton,29145,0.694,0.85,0.5955,0.253681099,0.15,0.5975,0.043064169,0.68,0.05
 Nodaway,29147,0.6,0.391,0.665,0.477063677,0.95,0.5975,0.046423252,0.68,0.95
 Oregon,29149,0.93,0.897,1,0.257804702,0.95,0.5975,0.031674786,0.68,0.95
 Osage,29151,0.482,0.628,0.892,0.371699086,0.95,0.5975,0.036877243,0.68,0.05
 Ozark,29153,0.965,0.9,0.95625,0.305723916,0.95,0.5975,0.03290073,0.68,0.95
 Pemiscot,29155,0.87,0.044,0.86275,0.40156172,0.95,0.5975,0.051192857,0.68,0.05
 Perry,29157,0.519,0.798,0.8835,0.352277308,0.15,0.5975,0.041469329,0.68,0.05
 Pettis,29159,0.508,0.133,0.83525,0.358116206,0.95,0.5975,0.043848776,0.68,0.05
 Phelps,29161,0.538,0.807,0.81525,0.279885367,0.95,0.5975,0.039155532,0.68,0.05
 Pike,29163,0.73,0.496,0.907,0.394563989,0.95,0.5975,0.042278906,0.68,0.95
 Platte,29165,0.033,0.204,0.60575,0.455547339,0.95,0.5975,0.047317938,0.68,0.05
 Polk,29167,0.776,0.891,0.85275,0.31682263,0.95,0.5975,0.038879308,0.68,0.95
 Pulaski,29169,0.657,0.842,0.821,0.312947679,0.95,0.5975,0.034403068,0.68,0.05
 Putnam,29171,0.825,0.435,1,0.381981803,0.95,0.5975,0.038535057,0.68,0.95
 Ralls,29173,0.337,0.415,0.94275,0.458785363,0.95,0.5975,0.047742582,0.68,0.95
 Randolph,29175,0.656,0.128,0.9585,0.407517889,0.95,0.5975,0.042357625,0.68,0.95
 Ray,29177,0.638,0.396,0.931,0.474489916,0.95,0.5975,0.045472214,0.68,0.95
 Reynolds,29179,0.852,0.863,0.915,0.206868422,0.95,0.5975,0.032257148,0.68,0.95
 Ripley,29181,0.964,0.904,0.94525,0.218107066,0.95,0.5975,0.033450049,0.68,0.95
 St. Charles,29183,0.032,0.119,0.35875,0.389007458,0.95,0.5975,0.053210006,0.68,0.05
 St. Clair,29185,0.801,0.851,1,0.400878562,0.95,0.5975,0.053210006,0.68,0.05
 Ste. Genevieve,29186,0.609,0.573,0.893,0.356356411,0.95,0.5975,0.041492949,0.68,0.05
 St. Francois,29187,0.729,0.466,0.40125,0.23097562,0.95,0.5975,0.053210006,0.68,0.95
 St. Louis,29189,0.082,0.199,0.05175,0.31674557,0.95,0.5975,0.053210006,0.68,0.05
 Saline,29195,0.689,0.52,0.707,0.521744951,0.95,0.5975,0.049787918,0.68,0.95
 Schuyler,29197,0.75,0.233,0.95525,0.393459286,0.95,0.5975,0.040338744,0.68,0.95
 Scotland,29199,0.889,0.382,1,0.388244551,0.95,0.5975,0.046165049,0.68,0.95
 Scott,29201,0.679,0.456,0.82825,0.344491511,0.95,0.5975,0.050101793,0.68,0.05
 Shannon,29203,0.973,0.915,1,0.232034539,0.95,0.5975,0.030643411,0.68,0.95
 Shelby,29205,0.734,0.31,0.898,0.442919215,0.95,0.5975,0.049002433,0.68,0.95
 Stoddard,29207,0.693,0.763,0.50225,0.346943391,0.95,0.5975,0.051676699,0.68,0.95
 Stone,29209,0.646,0.777,0.91925,0.266818557,0.15,0.5975,0.039608327,0.68,0.95
 Sullivan,29211,0.626,0.462,0.90525,0.44179649,0.95,0.5975,0.035485348,0.68,0.95
 Taney,29213,0.656,0.727,0.68725,0.291169179,0.15,0.5975,0.036422776,0.68,0.05
 Texas,29215,0.982,0.913,0.86325,0.273995994,0.95,0.5975,0.035523982,0.68,0.95
 Vernon,29217,0.59,0.811,0.72425,0.432816033,0.95,0.5975,0.039593482,0.68,0.05
 Warren,29219,0.587,0.319,0.898,0.394077523,0.95,0.5975,0.047590476,0.68,0.05
 Washington,29221,0.833,0.697,0.918,0.311707539,0.95,0.5975,0.033863424,0.68,0.95
 Wayne,29223,0.91,0.909,1,0.198471913,0.95,0.5975,0.031270079,0.68,0.95
 Webster,29225,0.748,0.837,0.8155,0.271282817,0.95,0.5975,0.042269635,0.68,0.05
 Worth,29227,0.706,0.444,1,0.550373637,0.95,0.5975,0.039035238,0.68,0.95
 Wright,29229,0.96,0.905,0.8475,0.334611147,0.95,0.5975,0.036017014,0.68,0.95
 St. Louis,29510,0.481,0.01,0.07575,0.408174419,0.95,0.5975,0.053210006,0.68,0.05
 Beaverhead,30001,0.08,0.433,0.93575,0.499160685,0.95,0.399333333,0.027165573,0.96,0.95
 Big Horn,30003,0.514,0.735,0.91775,0.715489968,0.15,0.399333333,0.015948361,0.96,0.05
 Blaine,30005,0.512,0.566,0.85575,0.78874288,0.95,0.399333333,0.018240954,0.96,0.95
 Broadwater,30007,0.105,0.33,1,0.633482419,0.95,0.399333333,0.027244804,0.96,0.05
 Carbon,30009,0.115,0.47,0.75125,0.469600293,0.95,0.399333333,0.027452591,0.96,0.05
 Carter,30011,0.184,0.714,0.95,0.877720015,0.1,0.399333333,0.017178735,0.96,0.05
 Cascade,30013,0.138,0.068,0.31525,0.662251119,0.95,0.399333333,0.021991319,0.96,0.05
 Chouteau,30015,0.1,0.44,1,0.731198278,0.95,0.399333333,0.023052793,0.96,0.95
 Custer,30017,0.081,0.092,0.56975,0.844329728,0.15,0.399333333,0.019964304,0.96,0.05
 Daniels,30019,0.107,0.225,1,0.845748921,0.15,0.399333333,0.020535243,0.96,0.95
 Dawson,30021,0.073,0.313,0.22,0.878856711,0.15,0.399333333,0.01960777,0.96,0.95
 Deer Lodge,30023,0.479,0.184,0.9425,0.460850503,0.95,0.399333333,0.030244341,0.96,0.05
 Fallon,30025,0.061,0.605,0.64025,0.913488375,0.1,0.399333333,0.020217891,0.96,0.95
 Fergus,30027,0.369,0.731,0.74675,0.71518066,0.95,0.399333333,0.022388705,0.96,0.95
 Flathead,30029,0.086,0.241,0.63225,0.052195682,0.95,0.399333333,0.060128018,0.96,0.95
 Gallatin,30031,0.014,0.132,0.455,0.388624499,0.95,0.399333333,0.039933516,0.96,0.05
 Garfield,30033,0.097,0.828,1,0.862972436,0.15,0.399333333,0.016228499,0.96,0.95
 Glacier,30035,0.55,0.271,0.455,0.369562175,0.95,0.399333333,0.024067497,0.96,0.05
 Golden Valley,30037,0.164,0.494,1,0.715479004,0.95,0.399333333,0.019567754,0.96,0.95
 Granite,30039,0.17,0.546,0.94625,0.4296897,0.95,0.399333333,0.033173573,0.96,0.05
 Hill,30041,0.125,0.061,0.843,0.789844261,0.95,0.399333333,0.020439596,0.96,0.95
 Jefferson,30043,0.064,0.391,1,0.589695572,0.95,0.399333333,0.027672983,0.96,0.05
 Judith Basin,30045,0.111,0.616,1,0.620721782,0.95,0.399333333,0.023001735,0.96,0.95
 Lake,30047,0.583,0.296,0.86025,0.224728096,0.95,0.399333333,0.02882449,0.96,0.95
 Lewis and Clark,30049,0.044,0.44,0.456,0.516492938,0.95,0.399333333,0.026278263,0.96,0.05
 Liberty,30051,0.23,0.049,1,0.767933891,0.95,0.399333333,0.022018035,0.96,0.95
 Lincoln,30053,0.474,0.488,0.86575,0.212795738,0.95,0.399333333,0.04287263,0.96,0.95
 McCone,30055,0.097,0.735,0.8965,0.871303214,0.15,0.399333333,0.020333865,0.96,0.95
 Madison,30057,0.114,0.48,0.9335,0.479646098,0.95,0.399333333,0.032870937,0.96,0.95
 Meagher,30059,0.314,0.664,1,0.621427121,0.95,0.399333333,0.022710236,0.96,0.95
 Mineral,30061,0.458,0.339,1,0.170614366,0.95,0.399333333,0.046968785,0.96,0.05
 Missoula,30063,0.024,0.158,0.66125,0.229697716,0.95,0.399333333,0.029866191,0.96,0.05
 Musselshell,30065,0.397,0.71,0.8405,0.798266026,0.95,0.399333333,0.020544783,0.96,0.95
 Park,30067,0.087,0.284,0.918,0.319591451,0.95,0.399333333,0.02799682,0.96,0.05
 Petroleum,30069,0.109,0.44,1,0.788346458,0.95,0.399333333,0.020372376,0.96,0.95
 Phillips,30071,0.297,0.88,0.92975,0.813163159,0.95,0.399333333,0.02098828,0.96,0.95
 Pondera,30073,0.345,0.361,0.84225,0.67199211,0.95,0.399333333,0.026196108,0.96,0.05
 Powder River,30075,0.135,0.843,0.8685,0.880284093,0.1,0.399333333,0.019366435,0.96,0.05
 Powell,30077,0.339,0.111,0.896,0.380414927,0.95,0.399333333,0.026434395,0.96,0.05
 Prairie,30079,0.09,0.724,1,0.856954261,0.15,0.399333333,0.017281092,0.96,0.95
 Ravalli,30081,0.332,0.498,0.86875,0.245424126,0.95,0.399333333,0.059706131,0.96,0.95
 Richland,30083,0.048,0.622,0.1285,0.844847998,0.15,0.399333333,0.020847764,0.96,0.95
 Roosevelt,30085,0.65,0.741,0.726,0.821583934,0.15,0.399333333,0.020838362,0.96,0.95
 Rosebud,30087,0.3,0.661,0.672,0.861861186,0.15,0.399333333,0.016751365,0.96,0.05
 Sanders,30089,0.55,0.05,0.8945,0.234563703,0.95,0.399333333,0.021504765,0.96,0.95
 Sheridan,30091,0.063,0.398,0.7475,0.825252038,0.15,0.399333333,0.024678526,0.96,0.95
 Silver Bow,30093,0.141,0,0.5435,0.624623667,0.95,0.399333333,0.031748937,0.96,0.05
 Stillwater,30095,0.081,0.448,0.95075,0.462806478,0.95,0.399333333,0.02616617,0.96,0.05
 Sweet Grass,30097,0.032,0.619,0.924,0.49490261,0.95,0.399333333,0.024237874,0.96,0.05
 Teton,30099,0.116,0.375,0.91025,0.665431758,0.95,0.399333333,0.026743925,0.96,0.05
 Toole,30101,0.142,0.077,0.4685,0.792612093,0.95,0.399333333,0.022458615,0.96,0.05
 Treasure,30103,0.258,0.459,1,0.804859325,0.15,0.399333333,0.019757108,0.96,0.05
 Valley,30105,0.068,0.857,0.7715,0.816513945,0.15,0.399333333,0.021248092,0.96,0.95
 Wheatland,30107,0.324,0.609,0.955,0.745101086,0.95,0.399333333,0.021659119,0.96,0.95
 Wibaux,30109,0.337,0.638,1,0.904026707,0.15,0.399333333,0.019132298,0.96,0.95
 Yellowstone,30111,0.045,0.077,0.327,0.731551028,0.95,0.399333333,0.02183034,0.96,0.05
 Adams,31001,0.303,0.017,0.3205,1,0.95,0.721333333,0.050642525,0.3,0.05
 Antelope,31003,0.267,0.494,0.89525,1,0.95,0.721333333,0.048487873,0.3,0.95
 Arthur,31005,0.466,0.545,1,0.938539323,0.95,0.721333333,0.020677883,0.3,0.95
 Banner,31007,0.369,0.54,1,1,0.15,0.721333333,0.022062489,0.3,0.95
 Blaine,31009,0.321,0.446,1,0.722315113,0.95,0.721333333,0.022718863,0.3,0.95
 Boone,31011,0.252,0.456,0.92475,1,0.95,0.721333333,0.050285281,0.3,0.95
 Box Butte,31013,0.224,0.22,0.909,1,0.15,0.721333333,0.02823379,0.3,0.95
 Boyd,31015,0.565,0.477,1,0.807640194,0.95,0.721333333,0.032311775,0.3,0.95
 Brown,31017,0.525,0.496,0.897,0.751849421,0.95,0.721333333,0.025613648,0.3,0.95
 Buffalo,31019,0.171,0.052,0.80875,1,0.95,0.721333333,0.043629251,0.3,0.95
 Burt,31021,0.486,0.2,0.90875,0.636062648,0.95,0.721333333,0.052935464,0.3,0.05
 Butler,31023,0.3,0.171,0.91225,1,0.95,0.721333333,0.050324235,0.3,0.95
 Cass,31025,0.212,0.275,0.878,0.5827331,0.95,0.721333333,0.052174836,0.3,0.05
 Cedar,31027,0.317,0.432,0.888,1,0.95,0.721333333,0.050218991,0.3,0.95
 Chase,31029,0.209,0.398,1,1,0.95,0.721333333,0.03166241,0.3,0.95
 Cherry,31031,0.27,0.72,1,0.790896103,0.95,0.721333333,0.021902032,0.3,0.95
 Cheyenne,31033,0.148,0.296,0.69775,1,0.15,0.721333333,0.023879498,0.3,0.95
 Clay,31035,0.367,0.22,1,1,0.95,0.721333333,0.051410578,0.3,0.95
 Colfax,31037,0.468,0.124,1,0.684790082,0.95,0.721333333,0.056899705,0.3,0.95
 Cuming,31039,0.452,0.392,0.874,0.718246817,0.95,0.721333333,0.054244516,0.3,0.95
 Custer,31041,0.465,0.741,0.862,1,0.95,0.721333333,0.033666103,0.3,0.95
 Dakota,31043,0.406,0.095,0.897,0.743714181,0.95,0.721333333,0.052679422,0.3,0.05
 Dawes,31045,0.154,0.674,0.95975,0.880604155,0.95,0.721333333,0.02339871,0.3,0.95
 Dawson,31047,0.482,0.069,0.84325,1,0.95,0.721333333,0.043808538,0.3,0.05
 Deuel,31049,0.23,0.357,1,1,0.15,0.721333333,0.028017809,0.3,0.05
 Dixon,31051,0.438,0.493,0.91075,0.792412803,0.95,0.721333333,0.045901125,0.3,0.05
 Dodge,31053,0.396,0.06,0.25975,0.78556045,0.95,0.721333333,0.054258963,0.3,0.95
 Douglas,31055,0.056,0.033,0.09475,0.573212496,0.95,0.721333333,0.059761899,0.3,0.05
 Dundy,31057,0.386,0.342,1,1,0.95,0.721333333,0.027933756,0.3,0.05
 Fillmore,31059,0.267,0.07,0.93975,1,0.95,0.721333333,0.053703564,0.3,0.95
 Franklin,31061,0.46,0.138,0.93475,1,0.95,0.721333333,0.040883985,0.3,0.95
 Frontier,31063,0.223,0.567,1,1,0.95,0.721333333,0.030476696,0.3,0.95
 Furnas,31065,0.463,0.229,0.76425,1,0.95,0.721333333,0.03368356,0.3,0.05
 Gage,31067,0.34,0.098,0.62525,0.81590105,0.95,0.721333333,0.046317606,0.3,0.95
 Garden,31069,0.231,0.635,1,0.905582589,0.95,0.721333333,0.022186486,0.3,0.95
 Garfield,31071,0.471,0.464,1,0.784321378,0.95,0.721333333,0.025506317,0.3,0.95
 Gosper,31073,0.256,0.216,1,1,0.95,0.721333333,0.042060505,0.3,0.05
 Grant,31075,0.294,0.568,1,0.860057623,0.95,0.721333333,0.021034911,0.3,0.95
 Greeley,31077,0.422,0.157,1,0.838818667,0.95,0.721333333,0.039761398,0.3,0.95
 Hall,31079,0.561,0.02,0.82575,1,0.95,0.721333333,0.048179753,0.3,0.05
 Hamilton,31081,0.108,0.082,0.86725,1,0.95,0.721333333,0.059268018,0.3,0.05
 Harlan,31083,0.251,0.173,1,1,0.95,0.721333333,0.0371947,0.3,0.05
 Hayes,31085,0.321,0.592,1,1,0.95,0.721333333,0.029336606,0.3,0.95
 Hitchcock,31087,0.419,0.301,0.69825,1,0.95,0.721333333,0.029236241,0.3,0.05
 Holt,31089,0.304,0.6,0.87875,0.865458731,0.95,0.721333333,0.03222676,0.3,0.95
 Hooker,31091,0.2,0.548,1,0.858599408,0.95,0.721333333,0.020071982,0.3,0.95
 Howard,31093,0.335,0.208,0.9155,1,0.95,0.721333333,0.041393655,0.3,0.95
 Jefferson,31095,0.587,0.146,1,1,0.95,0.721333333,0.04736347,0.3,0.95
 Johnson,31097,0.541,0.17,1,0.509783831,0.95,0.721333333,0.041474054,0.3,0.95
 Kearney,31099,0.214,0.057,0.94725,1,0.95,0.721333333,0.054604565,0.3,0.05
 Keith,31101,0.251,0.26,0.89,0.893647665,0.95,0.721333333,0.030866414,0.3,0.05
 Keya Paha,31103,0.329,0.556,1,0.813419167,0.95,0.721333333,0.026486234,0.3,0.95
 Kimball,31105,0.441,0.793,0.78875,1,0.15,0.721333333,0.025819383,0.3,0.95
 Knox,31107,0.564,0.737,0.8915,1,0.95,0.721333333,0.044973909,0.3,0.95
 Lancaster,31109,0.045,0.023,0.14725,0.545842703,0.95,0.721333333,0.050398164,0.3,0.05
 Lincoln,31111,0.228,0.436,0.831,1,0.95,0.721333333,0.030283191,0.3,0.05
 Logan,31113,0.388,0.471,1,0.866445564,0.95,0.721333333,0.023044291,0.3,0.95
 Loup,31115,0.343,0.411,1,0.722416892,0.95,0.721333333,0.024781535,0.3,0.95
 McPherson,31117,0.336,0.572,1,0.916617209,0.95,0.721333333,0.019856042,0.3,0.95
 Madison,31119,0.327,0.075,0.7885,1,0.95,0.721333333,0.054313109,0.3,0.95
 Merrick,31121,0.185,0.146,0.885,1,0.95,0.721333333,0.046326066,0.3,0.95
 Morrill,31123,0.424,0.641,0.937,1,0.15,0.721333333,0.025674778,0.3,0.95
 Nance,31125,0.54,0.123,0.92325,1,0.95,0.721333333,0.04350331,0.3,0.95
 Nemaha,31127,0.376,0.465,1,0.48950116,0.95,0.721333333,0.051540008,0.3,0.05
 Nuckolls,31129,0.454,0.106,0.92625,1,0.95,0.721333333,0.044825523,0.3,0.95
 Otoe,31131,0.202,0.382,0.62975,0.473142962,0.95,0.721333333,0.04663803,0.3,0.05
 Pawnee,31133,0.555,0.325,1,0.545631514,0.95,0.721333333,0.041990563,0.3,0.95
 Perkins,31135,0.295,0.331,0.9375,1,0.95,0.721333333,0.029336606,0.3,0.95
 Phelps,31137,0.213,0.028,0.901,1,0.95,0.721333333,0.047578122,0.3,0.05
 Pierce,31139,0.229,0.385,1,1,0.95,0.721333333,0.052675702,0.3,0.95
 Platte,31141,0.303,0.088,0.1385,1,0.95,0.721333333,0.052578892,0.3,0.95
 Polk,31143,0.289,0.112,0.93025,1,0.95,0.721333333,0.054962257,0.3,0.95
 Red Willow,31145,0.362,0.054,0.69475,1,0.95,0.721333333,0.030450966,0.3,0.05
 Richardson,31147,0.32,0.51,0.792,0.55403558,0.95,0.721333333,0.04465032,0.3,0.05
 Rock,31149,0.31,0.542,1,0.763094573,0.95,0.721333333,0.024100042,0.3,0.95
 Saline,31151,0.457,0.349,1,1,0.95,0.721333333,0.047135371,0.3,0.95
 Sarpy,31153,0.038,0.028,0.388,0.611805272,0.95,0.721333333,0.054740763,0.3,0.05
 Saunders,31155,0.216,0.4,0.89725,0.820485701,0.95,0.721333333,0.054154129,0.3,0.95
 Scotts Bluff,31157,0.378,0.121,0.8625,1,0.15,0.721333333,0.031755108,0.3,0.95
 Seward,31159,0.199,0.126,0.90525,1,0.95,0.721333333,0.054273407,0.3,0.05
 Sheridan,31161,0.504,0.71,0.92075,1,0.95,0.721333333,0.023373572,0.3,0.95
 Sherman,31163,0.495,0.294,1,1,0.95,0.721333333,0.039120484,0.3,0.95
 Sioux,31165,0.264,0.702,1,0.883253562,0.15,0.721333333,0.022423687,0.3,0.95
 Stanton,31167,0.3,0.39,0.9275,0.785498208,0.95,0.721333333,0.054399629,0.3,0.95
 Thayer,31169,0.45,0.174,0.95275,1,0.95,0.721333333,0.048649258,0.3,0.95
 Thomas,31171,0.286,0.53,1,0.796228096,0.95,0.721333333,0.020430007,0.3,0.95
 Thurston,31173,0.773,0.333,1,0.68329827,0.95,0.721333333,0.053322734,0.3,0.95
 Valley,31175,0.418,0.211,0.919,1,0.95,0.721333333,0.034499762,0.3,0.95
 Washington,31177,0.1,0.213,0.84175,0.686516252,0.95,0.721333333,0.053725452,0.3,0.05
 Wayne,31179,0.265,0.132,0.89025,0.812335984,0.95,0.721333333,0.054424838,0.3,0.95
 Webster,31181,0.457,0.15,1,1,0.95,0.721333333,0.040633987,0.3,0.95
 Wheeler,31183,0.387,0.43,1,0.649757813,0.95,0.721333333,0.028797284,0.3,0.95
 York,31185,0.287,0.072,0.8945,1,0.95,0.721333333,0.055663705,0.3,0.05
 Churchill,32001,0.309,0.014,0.6685,0.876004748,0.95,0.5005,0.034030823,0.84,0.05
 Clark,32003,0.188,0,0.04875,0.898899948,0.95,0.5005,0.038909536,0.84,0.05
 Douglas,32005,0.212,0.018,0.3425,0.630301376,0.95,0.5005,0.032086603,0.84,0.95
 Elko,32007,0.252,0.617,0.254,0.722582198,0.95,0.5005,0.015923768,0.84,0.05
 Esmeralda,32009,0.482,0.03,0.94975,0.869764532,0.95,0.5005,0.034776964,0.84,0.05
 Eureka,32011,0.171,0.716,0.962,0.855144448,0.95,0.5005,0.015037707,0.84,0.05
 Humboldt,32013,0.323,0.151,0.88925,0.784589568,0.95,0.5005,0.021358473,0.84,0.05
 Lander,32015,0.596,0.574,0.53075,0.832501971,0.95,0.5005,0.020904084,0.84,0.05
 Lincoln,32017,0.402,0.833,0.924,0.850735601,0.95,0.5005,0.035579101,0.84,0.95
 Lyon,32019,0.549,0.043,0.29375,0.710113155,0.95,0.5005,0.034895091,0.84,0.05
 Mineral,32021,0.571,0.038,1,0.838308075,0.95,0.5005,0.012106804,0.84,0.05
 Nye,32023,0.713,0.037,0.62475,0.843040372,0.95,0.5005,0.034793864,0.84,0.05
 Pershing,32027,0.279,0.088,1,0.783334461,0.95,0.5005,0.021358473,0.84,0.05
 Storey,32029,0.044,0.247,0.397,0.620533353,0.95,0.5005,0.173937777,0.84,0.05
 Washoe,32031,0.095,0.015,0.0925,0.676554422,0.95,0.5005,0.020601931,0.84,0.05
 White Pine,32033,0.512,0.451,0.8675,0.797120051,0.95,0.5005,0.026493632,0.84,0.05
 Carson City,32510,0.404,0.003,0.43825,0.541618462,0.95,0.5005,0.073207803,0.84,0.05
 Belknap,33001,0.149,0.634,0.44025,0.064069381,0.95,0.338,0.0466002,0.72,0.05
 Carroll,33003,0.183,0.876,0.55275,0,0.95,0.338,0.048024952,0.72,0.05
 Cheshire,33005,0.182,0.67,0.5275,0,0.95,0.338,0.053761913,0.72,0.05
 Coos,33007,0.489,0.844,0.591,0,0.95,0.338,0.039943329,0.72,0.05
 Grafton,33009,0.144,0.867,0.4305,0,0.95,0.338,0.041108637,0.72,0.05
 Hillsborough,33011,0.008,0.63,0.32775,0.075238903,0.95,0.338,0.064435275,0.72,0.05
 Merrimack,33013,0.085,0.838,0.15825,0.08250089,0.95,0.338,0.054258963,0.72,0.05
 Rockingham,33015,0.026,0.974,0.07875,0.082291419,0.95,0.338,0.083824648,0.72,0.05
 Strafford,33017,0.092,0.965,0.486,0.060612623,0.95,0.338,0.063716604,0.72,0.05
 Sullivan,33019,0.349,0.698,0.6635,0.037647422,0.95,0.338,0.045225914,0.72,0.05
 Atlantic,34001,0.473,0.998,0.11025,0.213520221,0.95,0.518333333,0.076628989,0.6,0.95
 Bergen,34003,0.019,0.983,0.0905,0.080251508,0.95,0.518333333,0.271538122,0.6,0.05
 Burlington,34005,0.07,0.997,0.1215,0.051675966,0.95,0.518333333,0.071034172,0.6,0.05
 Camden,34007,0.118,0.993,0.16375,0,0.95,0.518333333,0.084826206,0.6,0.05
 Cape May,34009,0.268,0.988,0.684,0.383287641,0.95,0.518333333,0.086871384,0.6,0.95
 Cumberland,34011,0.618,0.998,0.4085,0.247680579,0.95,0.518333333,0.06582528,0.6,0.95
 Essex,34013,0.274,0.953,0.08125,0.054898693,0.95,0.518333333,0.429795866,0.6,0.05
 Gloucester,34015,0.058,0.996,0.31325,0.100938321,0.95,0.518333333,0.074312969,0.6,0.95
 Hudson,34017,0.151,0.96,0.11375,0.098621754,0.95,0.518333333,0.316747857,0.6,0.05
 Hunterdon,34019,0.015,0.89,0.598,0.044465334,0.95,0.518333333,0.083724067,0.6,0.05
 Mercer,34021,0.095,0.992,0.124,0.051629473,0.95,0.518333333,0.102506218,0.6,0.05
 Middlesex,34023,0.018,0.981,0.055,0.02128317,0.95,0.518333333,0.102538711,0.6,0.05
 Monmouth,34025,0.017,0.995,0.10175,0.052541061,0.95,0.518333333,0.099695806,0.6,0.05
 Morris,34027,0.002,0.856,0.0585,0.069811252,0.95,0.518333333,0.108470967,0.6,0.05
 Ocean,34029,0.261,0.998,0.13525,0.110150094,0.95,0.518333333,0.096767394,0.6,0.05
 Passaic,34031,0.174,0.97,0.139,0.063263848,0.95,0.518333333,0.130886255,0.6,0.95
 Salem,34033,0.462,0.997,0.42,0.269105678,0.95,0.518333333,0.063906996,0.6,0.05
 Somerset,34035,0.003,0.943,0.1545,0.08137066,0.95,0.518333333,0.092134637,0.6,0.05
 Sussex,34037,0.065,0.849,0.4255,0.026096906,0.95,0.518333333,0.071485152,0.6,0.95
 Union,34039,0.1,0.96,0.042,0.005869703,0.95,0.518333333,0.203649683,0.6,0.05
 Warren,34041,0.066,0.808,0.41575,0.009349641,0.95,0.518333333,0.073916376,0.6,0.05
 Bernalillo,35001,0.241,0.02,0.10775,0.835261042,0.2,0.487166667,0.033055223,0.88,0.05
 Catron,35003,0.626,0.833,0.9415,0.839191869,0.95,0.487166667,0.01558797,0.88,0.95
 Chaves,35005,0.715,0.333,0.36575,0.982644481,0.1,0.487166667,0.018644705,0.88,0.95
 Cibola,35006,0.666,0.247,0.815,0.880958808,0.95,0.487166667,0.012614113,0.88,0.95
 Colfax,35007,0.747,0.864,0.4475,0.871996185,0.2,0.487166667,0.019567754,0.88,0.05
 Curry,35009,0.695,0.089,0.82575,1,0.2,0.487166667,0.017292428,0.88,0.05
 De Baca,35011,0.579,0.642,0.94125,0.924991208,0.2,0.487166667,0.012283555,0.88,0.95
 Do√±a Ana,35013,0.546,0.118,0.54175,0.922920116,0.95,0.487166667,0.053210006,0.88,0.05
 Eddy,35015,0.636,0.586,0.259,0.953514201,0.1,0.487166667,0.018853733,0.88,0.05
 Grant,35017,0.804,0.864,0.846,0.845685885,0.95,0.487166667,0.015011622,0.88,0.05
 Guadalupe,35019,0.568,0.741,0.94525,0.897727581,0.2,0.487166667,0.012187463,0.88,0.95
 Harding,35021,0.613,0.632,1,0.953177788,0.2,0.487166667,0.013235717,0.88,0.95
 Hidalgo,35023,0.57,0.197,0.8125,0.854315402,0.95,0.487166667,0.012737784,0.88,0.05
 Lea,35025,0.838,0.686,0.038,1,0.1,0.487166667,0.019587772,0.88,0.05
 Lincoln,35027,0.66,0.911,0.73525,0.889498165,0.1,0.487166667,0.018936698,0.88,0.95
 Los Alamos,35028,0.077,0.245,0.6905,0.658481611,0.95,0.487166667,0.097254198,0.88,0.95
 Luna,35029,0.728,0.128,0.8125,0.967764072,0.95,0.487166667,0.017662421,0.88,0.05
 McKinley,35031,0.797,0.292,0.657,0.859757613,0.2,0.487166667,0.015398251,0.88,0.95
 Mora,35033,0.737,0.699,0.94,0.853907013,0.95,0.487166667,0.02307828,0.88,0.05
 Otero,35035,0.663,0.293,0.84725,0.919119,0.15,0.487166667,0.017190139,0.88,0.95
 Quay,35037,0.566,0.248,0.85725,0.936532807,0.2,0.487166667,0.017517599,0.88,0.95
 Rio Arriba,35039,0.65,0.598,0.5785,0.706606911,0.95,0.487166667,0.025728148,0.88,0.95
 Roosevelt,35041,0.805,0.561,0.88825,1,0.1,0.487166667,0.020179085,0.88,0.05
 Sandoval,35043,0.16,0.116,0.49875,0.804072136,0.2,0.487166667,0.016610398,0.88,0.05
 San Juan,35045,0.513,0.089,0.049,0.816446706,0.2,0.487166667,0.017087237,0.88,0.95
 San Miguel,35047,0.651,0.349,0.876,0.866401868,0.95,0.487166667,0.018100761,0.88,0.05
 Santa Fe,35049,0.147,0.578,0.48475,0.80098521,0.2,0.487166667,0.022089118,0.88,0.05
 Sierra,35051,0.794,0.523,0.9165,0.895048107,0.95,0.487166667,0.012614113,0.88,0.05
 Socorro,35053,0.71,0.328,0.90925,0.85491165,0.95,0.487166667,0.017348995,0.88,0.05
 Taos,35055,0.731,0.45,0.81025,0.703497467,0.95,0.487166667,0.02865403,0.88,0.95
 Torrance,35057,0.727,0.589,0.721,0.935324254,0.2,0.487166667,0.017528782,0.88,0.95
 Union,35059,0.557,0.873,0.7575,1,0.2,0.487166667,0.018273153,0.88,0.05
 Valencia,35061,0.654,0.023,0.254,0.837047053,0.95,0.487166667,0.020333865,0.88,0.05
 Albany,36001,0.034,0.966,0.0985,0.165398298,0.95,0.627666667,0.04806166,0.46,0.05
 Allegany,36003,0.465,0.801,0.39825,0.074468135,0.15,0.627666667,0.036049643,0.46,0.05
 Bronx,36005,0.461,0.536,0.06975,0.277476525,0.95,0.627666667,0.053210006,0.46,0.05
 Broome,36007,0.304,0.531,0.5525,0.034508704,0.95,0.627666667,0.035793252,0.46,0.05
 Cattaraugus,36009,0.429,0.84,0.1915,0.0104848,0.15,0.627666667,0.034025064,0.46,0.05
 Cayuga,36011,0.309,0.35,0.8215,0.197855664,0.15,0.627666667,0.0413131,0.46,0.05
 Chautauqua,36013,0.419,0.66,0.36975,0,0.15,0.627666667,0.037226296,0.46,0.05
 Chemung,36015,0.36,0.299,0.34725,0.221969269,0.95,0.627666667,0.037257866,0.46,0.05
 Chenango,36017,0.595,0.845,0.883,0,0.95,0.627666667,0.030885454,0.46,0.05
 Clinton,36019,0.346,0.438,0.599,0.035294186,0.95,0.627666667,0.036845346,0.46,0.05
 Columbia,36021,0.307,0.944,0.851,0.104814009,0.95,0.627666667,0.05061156,0.46,0.05
 Cortland,36023,0.159,0.636,0.85725,0,0.95,0.627666667,0.034872621,0.46,0.05
 Delaware,36025,0.52,0.864,0.86925,0,0.95,0.627666667,0.0344884,0.46,0.05
 Dutchess,36027,0.186,0.975,0.4055,0.066077242,0.95,0.627666667,0.064750779,0.46,0.05
 Erie,36029,0.098,0.04,0.0395,0.050151013,0.15,0.627666667,0.043701054,0.46,0.05
 Essex,36031,0.316,0.709,0.583,0.035223606,0.95,0.627666667,0.034776964,0.46,0.05
 Franklin,36033,0.479,0.34,0.9035,0,0.95,0.627666667,0.035957117,0.46,0.95
 Fulton,36035,0.484,0.499,0.842,0,0.95,0.627666667,0.033805508,0.46,0.95
 Genesee,36037,0.278,0.32,0.63175,0.192609974,0.15,0.627666667,0.040080457,0.46,0.05
 Greene,36039,0.51,0.986,0.6415,0.018831587,0.95,0.627666667,0.047156153,0.46,0.95
 Hamilton,36041,0.302,0.549,0.927,0,0.95,0.627666667,0.044120536,0.46,0.95
 Herkimer,36043,0.464,0.726,0.846,0,0.95,0.627666667,0.035258213,0.46,0.05
 Jefferson,36045,0.525,0.307,0.469,0,0.95,0.627666667,0.031276345,0.46,0.95
 Kings,36047,0.19,0.899,0.10825,0.505717777,0.95,0.627666667,0.480281342,0.46,0.05
 Lewis,36049,0.387,0.466,0.70625,0,0.95,0.627666667,0.030205442,0.46,0.95
 Livingston,36051,0.31,0.516,0.359,0.196148203,0.15,0.627666667,0.042389996,0.46,0.05
 Madison,36053,0.22,0.326,0.9415,0,0.95,0.627666667,0.038798582,0.46,0.05
 Monroe,36055,0.142,0.42,0.064,0.261810113,0.15,0.627666667,0.042560691,0.46,0.05
 Montgomery,36057,0.553,0.682,0.85025,0,0.95,0.627666667,0.038079792,0.46,0.05
 Nassau,36059,0.009,0.905,0.09075,0.131912053,0.95,0.627666667,0.156460647,0.46,0.05
 New York,36061,0.013,0.9,0.02675,0.026215797,0.95,0.627666667,0.053210006,0.46,0.05
 Niagara,36063,0.143,0.212,0.416,0.269515024,0.15,0.627666667,0.038570636,0.46,0.95
 Oneida,36065,0.293,0.517,0.3635,0,0.95,0.627666667,0.036282625,0.46,0.05
 Onondaga,36067,0.106,0.172,0.117,0.103935574,0.95,0.627666667,0.036861298,0.46,0.05
 Ontario,36069,0.216,0.405,0.4125,0.282982359,0.15,0.627666667,0.044860481,0.46,0.05
 Orange,36071,0.184,0.991,0.121,0.071911386,0.95,0.627666667,0.064130442,0.46,0.05
 Orleans,36073,0.47,0.21,0.8795,0.317129128,0.15,0.627666667,0.043525826,0.46,0.95
 Oswego,36075,0.429,0.819,0.42075,0.068063488,0.95,0.627666667,0.033409017,0.46,0.95
 Otsego,36077,0.443,0.75,0.8305,0,0.95,0.627666667,0.034686693,0.46,0.05
 Putnam,36079,0.064,0.971,0.6935,0.132006863,0.95,0.627666667,0.067090218,0.46,0.95
 Queens,36081,0.154,0.536,0.06825,0.319743465,0.95,0.627666667,0.211135747,0.46,0.05
 Rensselaer,36083,0.111,0.921,0.3675,0.035980837,0.95,0.627666667,0.041756579,0.46,0.05
 Richmond,36085,0.106,0.906,0.359,0.174339355,0.95,0.627666667,1,0.46,0.05
 Rockland,36087,0.03,0.989,0.36225,0.071105658,0.95,0.627666667,0.071520779,0.46,0.05
 St. Lawrence,36089,0.578,0.198,0.568,0.001717279,0.95,0.627666667,0.053210006,0.46,0.95
 Saratoga,36091,0.067,0.77,0.39025,0,0.95,0.627666667,0.051200512,0.46,0.05
 Schenectady,36093,0.086,0.461,0.20125,0.053429464,0.95,0.627666667,0.048447443,0.46,0.05
 Schoharie,36095,0.455,0.824,0.73575,0.043618009,0.95,0.627666667,0.037305171,0.46,0.05
 Schuyler,36097,0.552,0.523,0.74025,0.200901477,0.95,0.627666667,0.039454662,0.46,0.05
 Seneca,36099,0.286,0.181,0.6925,0.239707024,0.15,0.627666667,0.042505406,0.46,0.05
 Steuben,36101,0.356,0.708,0.423,0.175363171,0.15,0.627666667,0.034720572,0.46,0.05
 Suffolk,36103,0.024,0.677,0.076,0.252142392,0.95,0.627666667,0.085598874,0.46,0.05
 Sullivan,36105,0.662,0.742,0.61575,0,0.95,0.627666667,0.045247573,0.46,0.05
 Tioga,36107,0.336,0.81,0.6995,0.153864038,0.95,0.627666667,0.033508579,0.46,0.05
 Tompkins,36109,0.16,0.422,0.43075,0.100920509,0.95,0.627666667,0.039563776,0.46,0.05
 Ulster,36111,0.318,0.987,0.61125,0,0.95,0.627666667,0.058395353,0.46,0.05
 Warren,36113,0.122,0.651,0.483,0,0.95,0.627666667,0.051097072,0.46,0.05
 Washington,36115,0.434,0.846,0.89225,0.08401506,0.95,0.627666667,0.035595619,0.46,0.05
 Wayne,36117,0.4,0.476,0.79975,0.264440703,0.15,0.627666667,0.043651702,0.46,0.05
 Westchester,36119,0.019,0.947,0.12475,0.102225404,0.95,0.627666667,0.067151526,0.46,0.05
 Wyoming,36121,0.371,0.614,0.7345,0.0541781,0.15,0.627666667,0.043911296,0.46,0.95
 Yates,36123,0.491,0.418,0.93275,0.292469704,0.15,0.627666667,0.050090058,0.46,0.05
 Alamance,37001,0.453,0.328,0.4595,0.389579158,0.95,0.3765,0.056747972,0.02,0.05
 Alexander,37003,0.675,0.349,0.783,0.1479543,0.95,0.3765,0.051949002,0.02,0.95
 Alleghany,37005,0.815,0.706,0.95875,0,0.95,0.3765,0.04832595,0.02,0.95
 Anson,37007,0.949,0.715,0.65225,0.377310349,0.95,0.3765,0.044873584,0.02,0.05
 Ashe,37009,0.76,0.882,0.865,0,0.95,0.3765,0.051847056,0.02,0.95
 Avery,37011,0.708,0.857,0.91625,0,0.95,0.3765,0.058449019,0.02,0.95
 Beaufort,37013,0.851,0.978,0.65375,0.282948775,0.95,0.3765,0.041189593,0.02,0.05
 Bertie,37015,0.976,0.972,0.9065,0.367186025,0.95,0.3765,0.039948234,0.02,0.05
 Bladen,37017,0.998,0.929,0.8885,0.220187718,0.95,0.3765,0.040051112,0.02,0.95
 Brunswick,37019,0.629,0.99,0.3795,0.2019476,0.95,0.3765,0.043955899,0.02,0.05
 Buncombe,37021,0.201,0.739,0.13075,0.066239799,0.95,0.3765,0.068009802,0.02,0.05
 Burke,37023,0.817,0.74,0.8945,0.042983747,0.95,0.3765,0.05105487,0.02,0.05
 Cabarrus,37025,0.202,0.527,0.42025,0.225999753,0.95,0.3765,0.059571417,0.02,0.05
 Caldwell,37027,0.749,0.748,0.84275,0.031959745,0.95,0.3765,0.047975963,0.02,0.95
 Camden,37029,0.531,0.954,1,0.281908544,0.95,0.3765,0.039628111,0.02,0.05
 Carteret,37031,0.496,0.967,0.66925,0.228814737,0.95,0.3765,0.029569466,0.02,0.95
 Caswell,37033,0.839,0.58,1,0.266154631,0.95,0.3765,0.039623166,0.02,0.05
 Catawba,37035,0.377,0.327,0.411,0.171169681,0.95,0.3765,0.055236101,0.02,0.05
 Chatham,37037,0.496,0.464,0.74625,0.329749713,0.95,0.3765,0.054776549,0.02,0.05
 Cherokee,37039,0.88,0.263,0.89425,0,0.95,0.3765,0.051831936,0.02,0.95
 Chowan,37041,0.975,0.945,0.8965,0.328419411,0.95,0.3765,0.039459628,0.02,0.05
 Clay,37043,0.619,0.235,1,0,0.95,0.3765,0.050027426,0.02,0.95
 Cleveland,37045,0.717,0.363,0.6325,0.170820173,0.95,0.3765,0.048838203,0.02,0.05
 Columbus,37047,0.957,0.919,0.913,0.272771704,0.95,0.3765,0.039125493,0.02,0.95
 Craven,37049,0.667,0.978,0.64975,0.240894937,0.95,0.3765,0.034647125,0.02,0.05
 Cumberland,37051,0.568,0.902,0.34,0.232970028,0.95,0.3765,0.047297228,0.02,0.95
 Currituck,37053,0.488,0.94,1,0.334052514,0.95,0.3765,0.045549716,0.02,0.05
 Dare,37055,0.384,0.939,0.75425,0.277654836,0.95,0.3765,0.073863336,0.02,0.95
 Davidson,37057,0.572,0.552,0.664,0.298815724,0.95,0.3765,0.052913249,0.02,0.05
 Davie,37059,0.409,0.288,1,0.265292834,0.95,0.3765,0.04795145,0.02,0.05
 Duplin,37061,0.987,0.918,0.7835,0.299455662,0.95,0.3765,0.047317938,0.02,0.05
 Durham,37063,0.166,0.321,0.14675,0.28570069,0.95,0.3765,0.059837267,0.02,0.05
 Edgecombe,37065,0.961,0.893,0.853,0.310097334,0.95,0.3765,0.036744159,0.02,0.05
 Forsyth,37067,0.225,0.334,0.17675,0.262768705,0.95,0.3765,0.061522972,0.02,0.05
 Franklin,37069,0.779,0.384,0.74875,0.27536933,0.95,0.3765,0.04779591,0.02,0.95
 Gaston,37071,0.468,0.26,0.341,0.277897666,0.95,0.3765,0.056046109,0.02,0.05
 Gates,37073,0.634,0.956,0.95175,0.345456235,0.95,0.3765,0.040927099,0.02,0.05
 Graham,37075,0.768,0.704,0.958,0,0.95,0.3765,0.059115734,0.02,0.95
 Granville,37077,0.579,0.339,0.71,0.363218928,0.95,0.3765,0.041365242,0.02,0.95
 Greene,37079,0.949,0.883,1,0.282788682,0.95,0.3765,0.04281317,0.02,0.05
 Guilford,37081,0.184,0.402,0.1195,0.273825232,0.95,0.3765,0.055568574,0.02,0.05
 Halifax,37083,0.858,0.904,0.8555,0.277359977,0.95,0.3765,0.041237139,0.02,0.05
 Harnett,37085,0.697,0.485,0.64425,0.293978763,0.95,0.3765,0.049408636,0.02,0.05
 Haywood,37087,0.556,0.758,0.748,0,0.95,0.3765,0.05615439,0.02,0.05
 Henderson,37089,0.438,0.742,0.501,0.017160057,0.95,0.3765,0.065852067,0.02,0.95
 Hertford,37091,0.952,0.95,0.8255,0.381312328,0.95,0.3765,0.037681473,0.02,0.05
 Hoke,37093,0.86,0.647,0.9225,0.230833355,0.95,0.3765,0.046376797,0.02,0.05
 Hyde,37095,0.839,0.993,0.90825,0.323768609,0.95,0.3765,0.038661976,0.02,0.95
 Iredell,37097,0.274,0.302,0.19425,0.232312058,0.95,0.3765,0.05283913,0.02,0.05
 Jackson,37099,0.598,0.854,0.88625,0,0.95,0.3765,0.057116257,0.02,0.95
 Johnston,37101,0.586,0.633,0.6015,0.276162281,0.95,0.3765,0.051672907,0.02,0.05
 Jones,37103,0.968,0.991,1,0.253061587,0.95,0.3765,0.037572108,0.02,0.05
 Lee,37105,0.651,0.369,0.66375,0.33062393,0.95,0.3765,0.052623596,0.02,0.05
 Lenoir,37107,0.895,0.899,0.67625,0.249253893,0.95,0.3765,0.041180077,0.02,0.05
 Lincoln,37109,0.486,0.43,0.4245,0.257423916,0.95,0.3765,0.057519669,0.02,0.05
 McDowell,37111,0.672,0.782,0.92725,0,0.95,0.3765,0.054302284,0.02,0.05
 Macon,37113,0.642,0.811,0.7525,0,0.95,0.3765,0.058267698,0.02,0.95
 Madison,37115,0.734,0.859,0.8595,0.087117137,0.95,0.3765,0.053465863,0.02,0.95
 Martin,37117,0.927,0.958,0.9595,0.294415479,0.95,0.3765,0.034351767,0.02,0.05
 Mecklenburg,37119,0.051,0.478,0.051,0.087622116,0.95,0.3765,0.103049596,0.02,0.05
 Mitchell,37121,0.793,0.87,0.9545,0,0.95,0.3765,0.051192857,0.02,0.95
 Montgomery,37123,0.937,0.645,0.926,0.262241479,0.95,0.3765,0.045433413,0.02,0.95
 Moore,37125,0.384,0.738,0.377,0.225593736,0.95,0.3765,0.046604405,0.02,0.05
 Nash,37127,0.681,0.498,0.7005,0.299200792,0.95,0.3765,0.041695527,0.02,0.05
 New Hanover,37129,0.435,0.971,0.34875,0.099893457,0.95,0.3765,0.094592384,0.02,0.05
 Northampton,37131,0.88,0.895,0.9545,0.311918113,0.95,0.3765,0.037394362,0.02,0.05
 Onslow,37133,0.762,0.981,0.64775,0.227786176,0.95,0.3765,0.04924974,0.02,0.95
 Orange,37135,0.088,0.276,0.62175,0.33004485,0.95,0.3765,0.058532774,0.02,0.05
 Pamlico,37137,0.74,0.985,1,0.240187145,0.95,0.3765,0.035535012,0.02,0.95
 Pasquotank,37139,0.815,0.936,0.85475,0.385377155,0.95,0.3765,0.041440968,0.02,0.05
 Pender,37141,0.844,0.997,0.67625,0.177048622,0.95,0.3765,0.045463594,0.02,0.05
 Perquimans,37143,0.733,0.949,0.92475,0.388545119,0.95,0.3765,0.039185547,0.02,0.05
 Person,37145,0.795,0.453,0.803,0.340614448,0.95,0.3765,0.0440761,0.02,0.95
 Pitt,37147,0.594,0.866,0.6095,0.311695348,0.95,0.3765,0.040212245,0.02,0.05
 Polk,37149,0.398,0.476,1,0.107518542,0.95,0.3765,0.054493204,0.02,0.95
 Randolph,37151,0.647,0.461,0.42875,0.312480834,0.95,0.3765,0.04939277,0.02,0.05
 Richmond,37153,0.95,0.537,0.64025,0.255519293,0.95,0.3765,0.044018266,0.02,0.05
 Robeson,37155,0.959,0.487,0.69,0.271968364,0.95,0.3765,0.039080392,0.02,0.95
 Rockingham,37157,0.669,0.666,0.4885,0.263223816,0.95,0.3765,0.044659096,0.02,0.05
 Rowan,37159,0.58,0.452,0.66975,0.305132861,0.95,0.3765,0.051547612,0.02,0.05
 Rutherford,37161,0.672,0.501,0.444,0.190100383,0.95,0.3765,0.052701736,0.02,0.95
 Sampson,37163,0.955,0.92,0.497,0.346527454,0.95,0.3765,0.044995689,0.02,0.05
 Scotland,37165,0.953,0.458,1,0.224983734,0.95,0.3765,0.042959384,0.02,0.05
 Stanly,37167,0.693,0.546,0.39125,0.271724696,0.95,0.3765,0.046763909,0.02,0.95
 Stokes,37169,0.584,0.365,1,0.159764152,0.95,0.3765,0.043561828,0.02,0.95
 Surry,37171,0.616,0.648,0.40325,0.091826397,0.95,0.3765,0.050584451,0.02,0.95
 Swain,37173,0.668,0.799,1,0,0.95,0.3765,0.06303638,0.02,0.95
 Transylvania,37175,0.78,0.853,0.79225,0,0.95,0.3765,0.060789213,0.02,0.95
 Tyrrell,37177,0.952,0.985,1,0.342073222,0.95,0.3765,0.038773321,0.02,0.95
 Union,37179,0.264,0.552,0.35975,0.425890062,0.95,0.3765,0.049086338,0.02,0.05
 Vance,37181,0.911,0.182,0.86775,0.39622318,0.95,0.3765,0.040571246,0.02,0.95
 Wake,37183,0.021,0.495,0.04875,0.266010116,0.95,0.3765,0.075948308,0.02,0.05
 Warren,37185,0.947,0.488,0.9615,0.326116553,0.95,0.3765,0.043014086,0.02,0.95
 Washington,37187,0.988,0.972,1,0.335256635,0.95,0.3765,0.040338744,0.02,0.95
 Watauga,37189,0.336,0.862,0.80725,0,0.95,0.3765,0.058959734,0.02,0.95
 Wayne,37191,0.847,0.433,0.64425,0.315523201,0.95,0.3765,0.040850421,0.02,0.05
 Wilkes,37193,0.842,0.66,0.8845,0.04624762,0.95,0.3765,0.04711458,0.02,0.95
 Wilson,37195,0.734,0.367,0.42275,0.27972618,0.95,0.3765,0.041170559,0.02,0.05
 Yadkin,37197,0.68,0.393,0.90625,0.218052434,0.95,0.3765,0.049448281,0.02,0.95
 Yancey,37199,0.738,0.816,0.90225,0,0.95,0.3765,0.049535386,0.02,0.95
 Adams,38001,0.039,0.412,0.93,0.82347196,0.05,0.527333333,0.02466264,0.5,0.95
 Barnes,38003,0.18,0.637,0.882,0.689300006,0.15,0.527333333,0.03348518,0.5,0.95
 Benson,38005,0.582,0.877,1,0.811377485,0.15,0.527333333,0.024358842,0.5,0.95
 Billings,38007,0.122,0.524,0.62475,0.842485534,0.05,0.527333333,0.021385979,0.5,0.95
 Bottineau,38009,0.097,0.482,0.57925,0.829392683,0.15,0.527333333,0.028592416,0.5,0.95
 Bowman,38011,0.084,0.374,0.54075,0.869428506,0,0.527333333,0.022423687,0.5,0.95
 Burke,38013,0.072,0.318,0.5895,0.84454208,0,0.527333333,0.023797297,0.5,0.95
 Burleigh,38015,0.05,0.105,0.339,0.813816736,0.15,0.527333333,0.027933756,0.5,0.95
 Cass,38017,0.011,0.171,0.17025,0.631968279,0.15,0.527333333,0.0401342,0.5,0.05
 Cavalier,38019,0.074,0.521,0.93725,0.752250995,0.15,0.527333333,0.031345187,0.5,0.95
 Dickey,38021,0.115,0.399,1,0.73238686,0.15,0.527333333,0.035623134,0.5,0.95
 Divide,38023,0.078,0.157,0.5905,0.815199026,0,0.527333333,0.023239047,0.5,0.95
 Dunn,38025,0.129,0.666,0.3755,0.82065839,0,0.527333333,0.024374926,0.5,0.95
 Eddy,38027,0.275,0.806,0.906,0.745789607,0.15,0.527333333,0.02860612,0.5,0.95
 Emmons,38029,0.301,0.678,0.90575,0.801603914,0.15,0.527333333,0.027771942,0.5,0.95
 Foster,38031,0.134,0.495,0.956,0.678575122,0.15,0.527333333,0.032202428,0.5,0.95
 Golden Valley,38033,0.1,0.431,0.838,0.892137088,0.05,0.527333333,0.022062489,0.5,0.95
 Grand Forks,38035,0.046,0.393,0.42275,0.692159794,0.15,0.527333333,0.037394362,0.5,0.05
 Grant,38037,0.292,0.61,1,0.837532363,0.15,0.527333333,0.023272751,0.5,0.95
 Griggs,38039,0.21,0.701,1,0.791146387,0.15,0.527333333,0.02881089,0.5,0.95
 Hettinger,38041,0.191,0.218,0.96075,0.858124576,0.05,0.527333333,0.025127048,0.5,0.95
 Kidder,38043,0.213,0.468,0.9585,0.715086965,0.15,0.527333333,0.027172785,0.5,0.95
 LaMoure,38045,0.16,0.361,0.95725,0.644683788,0.15,0.527333333,0.035040791,0.5,0.95
 Logan,38047,0.243,0.497,1,0.774164382,0.15,0.527333333,0.026831706,0.5,0.95
 McHenry,38049,0.143,0.747,0.7345,0.827132349,0.15,0.527333333,0.024511212,0.5,0.95
 McIntosh,38051,0.354,0.456,0.95925,0.738813778,0.15,0.527333333,0.026434395,0.5,0.95
 McKenzie,38053,0.234,0.501,0.06675,0.801042142,0,0.527333333,0.023018767,0.5,0.95
 McLean,38055,0.048,0.535,0.854,0.82904614,0.05,0.527333333,0.03165003,0.5,0.95
 Mercer,38057,0.054,0.135,0.77475,0.814024089,0,0.527333333,0.022371193,0.5,0.95
 Morton,38059,0.104,0.368,0.16875,0.81992708,0.15,0.527333333,0.02703542,0.5,0.95
 Mountrail,38061,0.12,0.429,0.3515,0.839001089,0,0.527333333,0.023797297,0.5,0.95
 Nelson,38063,0.136,0.888,1,0.703222355,0.15,0.527333333,0.02833079,0.5,0.95
 Oliver,38065,0.138,0.512,0.9505,0.809562577,0.15,0.527333333,0.026419565,0.5,0.95
 Pembina,38067,0.071,0.669,0.927,0.75194339,0.15,0.527333333,0.039170543,0.5,0.05
 Pierce,38069,0.188,0.558,1,0.806175332,0.15,0.527333333,0.026300624,0.5,0.95
 Ramsey,38071,0.108,0.688,0.84425,0.801166165,0.15,0.527333333,0.027179996,0.5,0.95
 Ransom,38073,0.141,0.803,1,0.714179725,0.15,0.527333333,0.03319129,0.5,0.95
 Renville,38075,0.121,0.366,1,0.854566552,0.15,0.527333333,0.030244341,0.5,0.95
 Richland,38077,0.072,0.805,0.88675,0.647033956,0.15,0.527333333,0.041615556,0.5,0.05
 Rolette,38079,0.718,0.368,1,0.785244944,0.15,0.527333333,0.025513998,0.5,0.95
 Sargent,38081,0.076,0.571,0.95925,0.796821376,0.15,0.527333333,0.036792125,0.5,0.95
 Sheridan,38083,0.258,0.419,1,0.839551096,0.15,0.527333333,0.02615868,0.5,0.95
 Sioux,38085,0.749,0.677,1,0.832170299,0.15,0.527333333,0.023146107,0.5,0.95
 Slope,38087,0.116,0.435,0.632,0.8768478,0,0.527333333,0.024181215,0.5,0.95
 Stark,38089,0.049,0.03,0.30425,0.874702962,0.05,0.527333333,0.025437079,0.5,0.95
 Steele,38091,0.201,0.492,1,0.686322232,0.15,0.527333333,0.034071106,0.5,0.95
 Stutsman,38093,0.135,0.217,0.41975,0.713621281,0.15,0.527333333,0.032721564,0.5,0.95
 Towner,38095,0.296,0.72,1,0.82616691,0.15,0.527333333,0.027495386,0.5,0.95
 Traill,38097,0.113,0.481,1,0.63033304,0.15,0.527333333,0.038208223,0.5,0.05
 Walsh,38099,0.195,0.758,0.687,0.73842562,0.15,0.527333333,0.035529498,0.5,0.05
 Ward,38101,0.062,0.152,0.31725,0.861646968,0.05,0.527333333,0.029839935,0.5,0.95
 Wells,38103,0.076,0.522,1,0.811404891,0.15,0.527333333,0.030572989,0.5,0.95
 Williams,38105,0.071,0.074,0.0595,0.835248256,0,0.527333333,0.02328117,0.5,0.95
 Adams,39001,0.925,0.852,0.7025,0.172858833,0.15,0.601166667,0.045377309,0.1,0.95
 Allen,39003,0.299,0.047,0.5605,0.343955377,0.95,0.601166667,0.057174551,0.1,0.05
 Ashland,39005,0.448,0.139,0.79575,0.329762775,0.15,0.601166667,0.055593253,0.1,0.05
 Ashtabula,39007,0.608,0.535,0.438,0.173755358,0.15,0.601166667,0.046152314,0.1,0.95
 Athens,39009,0.476,0.456,0.6415,0.196911095,0.15,0.601166667,0.040197623,0.1,0.05
 Auglaize,39011,0.042,0.472,0.9005,0.329639382,0.95,0.601166667,0.063380496,0.1,0.05
 Belmont,39013,0.568,0.159,0.08825,0.182798712,0.15,0.601166667,0.041742498,0.1,0.05
 Brown,39015,0.572,0.707,0.94825,0.213572999,0.15,0.601166667,0.047881929,0.1,0.95
 Butler,39017,0.192,0.274,0.33575,0.178041427,0.95,0.601166667,0.059446288,0.1,0.05
 Carroll,39019,0.503,0.384,0.34525,0.226628005,0.15,0.601166667,0.048459576,0.1,0.95
 Champaign,39021,0.392,0.304,0.765,0.237233059,0.95,0.601166667,0.059958312,0.1,0.05
 Clark,39023,0.436,0.151,0.6395,0.195265957,0.95,0.601166667,0.060046489,0.1,0.05
 Clermont,39025,0.167,0.384,0.6505,0.228095903,0.95,0.601166667,0.054572258,0.1,0.95
 Clinton,39027,0.358,0.53,0.8245,0.303746438,0.95,0.601166667,0.05685147,0.1,0.05
 Columbiana,39029,0.492,0.258,0.39225,0.186334397,0.15,0.601166667,0.053776491,0.1,0.05
 Coshocton,39031,0.704,0.207,0.46025,0.182827516,0.15,0.601166667,0.051452488,0.1,0.05
 Crawford,39033,0.451,0.158,0.844,0.190046168,0.95,0.601166667,0.056189275,0.1,0.95
 Cuyahoga,39035,0.315,0.035,0.069,0.096374225,0.95,0.601166667,0.112954244,0.1,0.05
 Darke,39037,0.295,0.59,0.894,0.309523118,0.15,0.601166667,0.065398198,0.1,0.05
 Defiance,39039,0.177,0.045,0.636,0.350160589,0.15,0.601166667,0.055374284,0.1,0.05
 Delaware,39041,0.006,0.123,0.6245,0.309803504,0.95,0.601166667,0.061881839,0.1,0.05
 Erie,39043,0.301,0.178,0.70725,0.323709025,0.95,0.601166667,0.059489125,0.1,0.95
 Fairfield,39045,0.182,0.223,0.38975,0.21820519,0.15,0.601166667,0.054399629,0.1,0.05
 Fayette,39047,0.487,0.252,0.82075,0.317000402,0.15,0.601166667,0.058586314,0.1,0.05
 Franklin,39049,0.138,0.118,0.0685,0.258587634,0.15,0.601166667,0.067023006,0.1,0.05
 Fulton,39051,0.148,0.115,0.8385,0.351882275,0.15,0.601166667,0.055804341,0.1,0.05
 Gallia,39053,0.716,0.801,0.71075,0.210277538,0.15,0.601166667,0.037691872,0.1,0.05
 Geauga,39055,0.148,0.383,0.65175,0.06254947,0.15,0.601166667,0.060280995,0.1,0.05
 Greene,39057,0.09,0.191,0.68575,0.181684982,0.95,0.601166667,0.06033948,0.1,0.05
 Guernsey,39059,0.571,0.095,0.097,0.172807096,0.15,0.601166667,0.045134833,0.1,0.05
 Hamilton,39061,0.27,0.227,0.30825,0.085914636,0.95,0.601166667,0.07403293,0.1,0.05
 Hancock,39063,0.099,0.19,0.572,0.301219574,0.95,0.601166667,0.057020113,0.1,0.05
 Hardin,39065,0.557,0.496,0.84275,0.303935694,0.95,0.601166667,0.060036698,0.1,0.05
 Harrison,39067,0.601,0.125,0.4345,0.249239806,0.15,0.601166667,0.046092834,0.1,0.95
 Henry,39069,0.144,0.158,0.91025,0.39326438,0.15,0.601166667,0.055498002,0.1,0.05
 Highland,39071,0.785,0.622,0.891,0.165217738,0.15,0.601166667,0.048818137,0.1,0.05
 Hocking,39073,0.737,0.417,0.4795,0.207473276,0.15,0.601166667,0.050425374,0.1,0.05
 Holmes,39075,0.537,0.194,0.43925,0.169267544,0.15,0.601166667,0.061998893,0.1,0.95
 Huron,39077,0.538,0.24,0.88275,0.275963009,0.95,0.601166667,0.053969271,0.1,0.05
 Jackson,39079,0.783,0.579,0.88375,0.247775878,0.15,0.601166667,0.040922311,0.1,0.95
 Jefferson,39081,0.533,0.039,0.49225,0.151212032,0.15,0.601166667,0.047594594,0.1,0.95
 Knox,39083,0.591,0.067,0.378,0.103902245,0.15,0.601166667,0.055839445,0.1,0.95
 Lake,39085,0.053,0.29,0.61925,0.110712024,0.95,0.601166667,0.061481552,0.1,0.05
 Lawrence,39087,0.605,0.717,0.204,0.245161122,0.15,0.601166667,0.036271822,0.1,0.05
 Licking,39089,0.211,0.153,0.36725,0.186007743,0.15,0.601166667,0.059211785,0.1,0.95
 Logan,39091,0.338,0.398,0.91325,0.261912618,0.95,0.601166667,0.057706736,0.1,0.05
 Lorain,39093,0.25,0.249,0.3885,0.302546884,0.95,0.601166667,0.05868657,0.1,0.05
 Lucas,39095,0.414,0.153,0.28075,0.389627569,0.95,0.601166667,0.058936464,0.1,0.05
 Madison,39097,0.459,0.096,0.805,0.339374556,0.95,0.601166667,0.060241974,0.1,0.05
 Mahoning,39099,0.536,0.14,0.3675,0.152438524,0.15,0.601166667,0.057002928,0.1,0.05
 Marion,39101,0.411,0.015,0.85625,0.277503307,0.95,0.601166667,0.056903149,0.1,0.05
 Medina,39103,0.042,0.244,0.45925,0.221826842,0.15,0.601166667,0.060695659,0.1,0.05
 Meigs,39105,0.771,0.627,0.704,0.176668638,0.15,0.601166667,0.038672112,0.1,0.05
 Mercer,39107,0.239,0.489,0.87975,0.353706413,0.15,0.601166667,0.070028436,0.1,0.05
 Miami,39109,0.237,0.274,0.6765,0.307548438,0.95,0.601166667,0.064298279,0.1,0.05
 Monroe,39111,0.633,0.329,0.235,0.203911967,0.15,0.601166667,0.040493894,0.1,0.95
 Montgomery,39113,0.394,0.141,0.3325,0.259133413,0.95,0.601166667,0.055705933,0.1,0.05
 Morgan,39115,0.776,0.28,0.939,0.28006654,0.15,0.601166667,0.041351028,0.1,0.95
 Morrow,39117,0.465,0.082,0.7945,0.214276467,0.95,0.601166667,0.056554269,0.1,0.05
 Muskingum,39119,0.515,0.052,0.0925,0.231954221,0.15,0.601166667,0.046553921,0.1,0.05
 Noble,39121,0.653,0.371,0.7835,0.233303793,0.15,0.601166667,0.041203862,0.1,0.05
 Ottawa,39123,0.198,0.138,0.8095,0.378014199,0.95,0.601166667,0.055579152,0.1,0.95
 Paulding,39125,0.361,0.089,0.894,0.346879707,0.15,0.601166667,0.058079063,0.1,0.05
 Perry,39127,0.752,0.219,0.5895,0.19609388,0.15,0.601166667,0.049182054,0.1,0.05
 Pickaway,39129,0.448,0.311,0.66425,0.294524433,0.15,0.601166667,0.059264711,0.1,0.05
 Pike,39131,0.885,0.728,0.88425,0.245340935,0.15,0.601166667,0.039090419,0.1,0.05
 Portage,39133,0.175,0.241,0.33275,0.215677445,0.15,0.601166667,0.053994681,0.1,0.05
 Preble,39135,0.263,0.313,0.92075,0.304010319,0.95,0.601166667,0.058207132,0.1,0.05
 Putnam,39137,0.039,0.155,1,0.320056762,0.95,0.601166667,0.057386652,0.1,0.05
 Richland,39139,0.507,0.206,0.4265,0.292139744,0.95,0.601166667,0.058803319,0.1,0.05
 Ross,39141,0.567,0.411,0.62575,0.21303151,0.15,0.601166667,0.05017605,0.1,0.05
 Sandusky,39143,0.264,0.189,0.85775,0.331163716,0.95,0.601166667,0.05542734,0.1,0.05
 Scioto,39145,0.844,0.751,0.87225,0.254445159,0.15,0.601166667,0.043629251,0.1,0.05
 Seneca,39147,0.236,0.164,0.814,0.257175059,0.95,0.601166667,0.054597388,0.1,0.05
 Shelby,39149,0.326,0.525,0.728,0.29309583,0.95,0.601166667,0.064331794,0.1,0.05
 Stark,39151,0.176,0.159,0.0955,0.138246746,0.15,0.601166667,0.063747351,0.1,0.05
 Summit,39153,0.165,0.2,0.09925,0.146232147,0.15,0.601166667,0.090797791,0.1,0.05
 Trumbull,39155,0.428,0.541,0.15575,0.189463238,0.15,0.601166667,0.047014655,0.1,0.05
 Tuscarawas,39157,0.48,0.265,0.13025,0.187087301,0.15,0.601166667,0.052683142,0.1,0.05
 Union,39159,0.188,0.258,0.852,0.283155924,0.95,0.601166667,0.056519609,0.1,0.05
 Van Wert,39161,0.163,0.047,0.92325,0.371613092,0.15,0.601166667,0.061522972,0.1,0.05
 Vinton,39163,0.893,0.659,0.954,0.201817075,0.15,0.601166667,0.040744752,0.1,0.95
 Warren,39165,0.037,0.386,0.66025,0.227423621,0.95,0.601166667,0.064148773,0.1,0.05
 Washington,39167,0.446,0.394,0.13,0.21130618,0.15,0.601166667,0.0427857,0.1,0.05
 Wayne,39169,0.194,0.042,0.129,0.236600756,0.15,0.601166667,0.068612203,0.1,0.05
 Williams,39171,0.249,0.042,0.68925,0.30921491,0.15,0.601166667,0.054450036,0.1,0.05
 Wood,39173,0.088,0.163,0.42025,0.3795503,0.95,0.601166667,0.056502271,0.1,0.05
 Wyandot,39175,0.272,0.306,0.8565,0.216834903,0.95,0.601166667,0.055008586,0.1,0.05
 Adair,40001,0.935,0.903,0.89525,0.284175043,0.15,0.762,0.036642693,0.74,0.95
 Alfalfa,40003,0.355,0.581,0.70525,0.783611545,0.15,0.762,0.027743704,0.74,0.05
 Atoka,40005,0.769,0.711,0.71925,0.390001043,0.15,0.762,0.028351532,0.74,0.05
 Beaver,40007,0.612,0.849,0.393,1,0.1,0.762,0.020762997,0.74,0.05
 Beckham,40009,0.756,0.732,0.28075,0.818162547,0.15,0.762,0.026322967,0.74,0.05
 Blaine,40011,0.563,0.503,0.65,1,0.15,0.762,0.028171256,0.74,0.95
 Bryan,40013,0.64,0.482,0.66275,0.555376602,0.15,0.762,0.033874995,0.74,0.05
 Caddo,40015,0.845,0.844,0.3535,0.715041567,0.15,0.762,0.029859629,0.74,0.05
 Canadian,40017,0.056,0.374,0.07725,0.821779011,0.1,0.762,0.036535582,0.74,0.05
 Carter,40019,0.545,0.492,0.3935,0.641317602,0.15,0.762,0.03173659,0.74,0.05
 Cherokee,40021,0.916,0.901,0.61625,0.324710372,0.15,0.762,0.037956089,0.74,0.95
 Choctaw,40023,0.912,0.736,0.69375,0.411805287,0.15,0.762,0.031951965,0.74,0.95
 Cimarron,40025,0.609,0.564,1,1,0.2,0.762,0.021559369,0.74,0.95
 Cleveland,40027,0.12,0.272,0.068,0.680149175,0.15,0.762,0.051460104,0.74,0.05
 Coal,40029,0.87,0.67,0.66925,0.460568867,0.15,0.762,0.028797284,0.74,0.95
 Comanche,40031,0.594,0.412,0.63775,0.656929168,0.15,0.762,0.032619599,0.74,0.05
 Cotton,40033,0.667,0.625,0.686,0.724710918,0.15,0.762,0.027115032,0.74,0.05
 Craig,40035,0.765,0.879,0.67825,0.418857615,0.15,0.762,0.031792112,0.74,0.05
 Creek,40037,0.608,0.859,0.317,0.627327717,0.15,0.762,0.034122829,0.74,0.05
 Custer,40039,0.581,0.461,0.328,0.79715936,0.15,0.762,0.027064397,0.74,0.05
 Delaware,40041,0.929,0.859,0.81425,0.386185561,0.15,0.762,0.036551668,0.74,0.05
 Dewey,40043,0.417,0.638,0.40075,0.947577395,0.15,0.762,0.024559132,0.74,0.95
 Ellis,40045,0.565,0.757,0.69475,0.922681715,0.15,0.762,0.021686243,0.74,0.95
 Garfield,40047,0.363,0.144,0.3235,0.723505717,0.1,0.762,0.028496307,0.74,0.05
 Garvin,40049,0.664,0.519,0.316,0.63707653,0.1,0.762,0.032613591,0.74,0.05
 Grady,40051,0.559,0.652,0.34925,0.672325385,0.1,0.762,0.034895091,0.74,0.05
 Grant,40053,0.342,0.736,0.60075,0.749827955,0.15,0.762,0.025537029,0.74,0.95
 Greer,40055,0.802,0.68,1,0.821246553,0.15,0.762,0.023747839,0.74,0.95
 Harmon,40057,0.692,0.636,0.9525,0.940514995,0.15,0.762,0.022967633,0.74,0.95
 Harper,40059,0.659,0.776,0.5615,1,0.15,0.762,0.021201931,0.74,0.95
 Haskell,40061,0.968,0.852,0.41525,0.454173511,0.15,0.762,0.031288873,0.74,0.05
 Hughes,40063,0.93,0.649,0.677,0.548012957,0.15,0.762,0.029529678,0.74,0.95
 Jackson,40065,0.691,0.138,0.94125,1,0.15,0.762,0.026263345,0.74,0.95
 Jefferson,40067,0.792,0.722,0.86,0.709771731,0.15,0.762,0.027694219,0.74,0.95
 Johnston,40069,0.898,0.751,0.9315,0.504977323,0.15,0.762,0.031445053,0.74,0.95
 Kay,40071,0.598,0.566,0.12225,0.697731322,0.15,0.762,0.027416878,0.74,0.05
 Kingfisher,40073,0.342,0.66,0.3055,0.757210155,0.1,0.762,0.032275367,0.74,0.05
 Kiowa,40075,0.712,0.809,0.6755,0.782615965,0.15,0.762,0.026699926,0.74,0.95
 Latimer,40077,0.918,0.862,0.61525,0.288814068,0.15,0.762,0.029741268,0.74,0.05
 Le Flore,40079,0.855,0.907,0.47,0.227773636,0.15,0.762,0.033689377,0.74,0.05
 Lincoln,40081,0.616,0.8,0.33875,0.534694331,0.15,0.762,0.035012819,0.74,0.05
 Logan,40083,0.51,0.671,0.356,0.647155574,0.15,0.762,0.035435614,0.74,0.05
 Love,40085,0.65,0.478,0.72275,0.698841655,0.15,0.762,0.033759103,0.74,0.05
 McClain,40087,0.43,0.66,0.1015,0.690880425,0.15,0.762,0.038621407,0.74,0.05
 McCurtain,40089,0.91,0.866,0.8445,0.247783467,0.15,0.762,0.030328452,0.74,0.95
 McIntosh,40091,0.733,0.849,0.95425,0.546598322,0.15,0.762,0.031927424,0.74,0.05
 Major,40093,0.344,0.665,0.4095,1,0.15,0.762,0.026226012,0.74,0.05
 Marshall,40095,0.742,0.397,0.701,0.556971647,0.15,0.762,0.031822915,0.74,0.05
 Mayes,40097,0.723,0.861,0.3645,0.443036314,0.15,0.762,0.037189431,0.74,0.05
 Murray,40099,0.721,0.843,0.6615,0.521309395,0.15,0.762,0.03267362,0.74,0.05
 Muskogee,40101,0.759,0.752,0.139,0.444140494,0.15,0.762,0.034157267,0.74,0.05
 Noble,40103,0.432,0.73,0.618,0.69152651,0.15,0.762,0.030815585,0.74,0.05
 Nowata,40105,0.67,0.889,0.78,0.465195086,0.1,0.762,0.03139516,0.74,0.05
 Okfuskee,40107,0.892,0.872,0.7295,0.568242278,0.15,0.762,0.031581852,0.74,0.05
 Oklahoma,40109,0.295,0.226,0.00675,0.558772833,0.15,0.762,0.058726625,0.74,0.05
 Okmulgee,40111,0.824,0.874,0.691,0.545549518,0.15,0.762,0.034889475,0.74,0.05
 Osage,40113,0.744,0.907,0.61125,0.471792293,0.1,0.762,0.027165573,0.74,0.95
 Ottawa,40115,0.807,0.794,0.67475,0.400454971,0.15,0.762,0.035551552,0.74,0.05
 Pawnee,40117,0.577,0.867,0.39575,0.6232324,0.15,0.762,0.029061454,0.74,0.95
 Payne,40119,0.421,0.496,0.34525,0.686707928,0.15,0.762,0.035765869,0.74,0.05
 Pittsburg,40121,0.77,0.836,0.11825,0.455475344,0.15,0.762,0.029148979,0.74,0.05
 Pontotoc,40123,0.554,0.518,0.59075,0.512321046,0.15,0.762,0.031513527,0.74,0.95
 Pottawatomie,40125,0.677,0.625,0.368,0.65079597,0.15,0.762,0.035308197,0.74,0.05
 Pushmataha,40127,0.886,0.881,0.87425,0.228140541,0.15,0.762,0.029655492,0.74,0.95
 Roger Mills,40129,0.799,0.759,0.5535,0.854360615,0.15,0.762,0.023205294,0.74,0.95
 Rogers,40131,0.222,0.769,0.10975,0.466129331,0.15,0.762,0.039414909,0.74,0.05
 Seminole,40133,0.82,0.672,0.3655,0.523942519,0.15,0.762,0.032123224,0.74,0.05
 Sequoyah,40135,0.765,0.858,0.86375,0.356465695,0.15,0.762,0.034816384,0.74,0.05
 Stephens,40137,0.596,0.502,0.36025,0.662346443,0.1,0.762,0.030713672,0.74,0.95
 Texas,40139,0.62,0.64,0.58725,1,0.1,0.762,0.021794405,0.74,0.05
 Tillman,40141,0.705,0.4,0.8735,0.806742296,0.15,0.762,0.025344468,0.74,0.95
 Tulsa,40143,0.262,0.476,0.00775,0.492501181,0.15,0.762,0.052831712,0.74,0.05
 Wagoner,40145,0.385,0.732,0.6495,0.495950863,0.15,0.762,0.038407719,0.74,0.05
 Washington,40147,0.558,0.64,0.36025,0.422022302,0.1,0.762,0.033073002,0.74,0.95
 Washita,40149,0.485,0.44,0.44425,0.778494114,0.15,0.762,0.025544701,0.74,0.05
 Woods,40151,0.464,0.822,0.49875,0.945276088,0.15,0.762,0.024646744,0.74,0.05
 Woodward,40153,0.488,0.515,0.07,1,0.15,0.762,0.02409191,0.74,0.95
 Baker,41001,0.359,0.342,0.92475,0.422876343,0.95,0.554,0.027587879,0.78,0.05
 Benton,41003,0.075,0.006,1,0,0.95,0.554,0.071188486,0.78,0.05
 Clackamas,41005,0.014,0.172,0.4035,0,0.95,0.554,0.107563913,0.78,0.05
 Clatsop,41007,0.378,0.429,0.91975,0,0.95,0.554,0.061662956,0.78,0.95
 Columbia,41009,0.219,0.874,0.59925,0,0.95,0.554,0.064608387,0.78,0.05
 Coos,41011,0.58,0.838,0.672,0,0.95,0.554,0.03967259,0.78,0.95
 Crook,41013,0.531,0.254,0.903,0.5957915,0.95,0.554,0.026619072,0.78,0.95
 Curry,41015,0.425,0.947,0.87975,0,0.95,0.554,0.044724865,0.78,0.95
 Deschutes,41017,0.098,0.151,0.443,0.331950517,0.95,0.554,0.071056237,0.78,0.95
 Douglas,41019,0.561,0.894,0.29525,0,0.95,0.554,0.041723716,0.78,0.05
 Gilliam,41021,0.162,0.244,0.9175,0.545530689,0.95,0.554,0.022899276,0.78,0.05
 Grant,41023,0.545,0.493,0.912,0.534675054,0.95,0.554,0.02277916,0.78,0.95
 Harney,41025,0.418,0.244,0.936,0.675088505,0.95,0.554,0.02229222,0.78,0.95
 Hood River,41027,0.146,0.814,0.917,0,0.95,0.554,0.086611591,0.78,0.05
 Jackson,41029,0.203,0.032,0.4805,0.217446247,0.95,0.554,0.069770524,0.78,0.05
 Jefferson,41031,0.524,0.214,0.69825,0.139983693,0.95,0.554,0.026677899,0.78,0.95
 Josephine,41033,0.45,0.188,0.747,0,0.95,0.554,0.089408097,0.78,0.05
 Klamath,41035,0.505,0.022,0.30425,0.444982758,0.95,0.554,0.032062165,0.78,0.95
 Lake,41037,0.645,0.223,0.961,0.641450314,0.95,0.554,0.028742796,0.78,0.95
 Lane,41039,0.173,0.663,0.15175,0,0.95,0.554,0.070793766,0.78,0.05
 Lincoln,41041,0.412,0.672,0.78875,0,0.95,0.554,0.054503991,0.78,0.95
 Linn,41043,0.204,0.002,0.8145,0,0.95,0.554,0.063860985,0.78,0.05
 Malheur,41045,0.566,0.257,0.91325,0.721908657,0.95,0.554,0.026933755,0.78,0.05
 Marion,41047,0.139,0.003,0.58325,0,0.95,0.554,0.081703239,0.78,0.05
 Morrow,41049,0.305,0.257,0.62425,0.604909043,0.95,0.554,0.029376656,0.78,0.05
 Multnomah,41051,0.027,0.016,0.56625,0,0.95,0.554,0.103762121,0.78,0.05
 Polk,41053,0.304,0.007,0.8895,0,0.95,0.554,0.063395953,0.78,0.05
 Sherman,41055,0.069,0.3,0.9055,0.522881431,0.95,0.554,0.023507328,0.78,0.05
 Tillamook,41057,0.471,0.911,0.842,0,0.95,0.554,0.062805922,0.78,0.95
 Umatilla,41059,0.393,0.083,0.43725,0.493998943,0.95,0.554,0.030904482,0.78,0.05
 Union,41061,0.272,0.248,0.761,0.326841359,0.95,0.554,0.033303273,0.78,0.05
 Wallowa,41063,0.222,0.48,1,0.35731272,0.95,0.554,0.025460179,0.78,0.95
 Wasco,41065,0.26,0.049,0.877,0.276739716,0.95,0.554,0.026626433,0.78,0.05
 Washington,41067,0.006,0.006,0.104,0,0.95,0.554,0.093789346,0.78,0.05
 Wheeler,41069,0.434,0.55,1,0.604478593,0.95,0.554,0.023272751,0.78,0.95
 Yamhill,41071,0.179,0.001,0.844,0,0.95,0.554,0.070680188,0.78,0.05
 Adams,42001,0.157,0.671,0.49925,0.118703174,0.95,0.522333333,0.059843816,0.34,0.95
 Allegheny,42003,0.053,0.19,0.02275,0.06283576,0.15,0.522333333,0.062630957,0.34,0.05
 Armstrong,42005,0.427,0.391,0.36875,0.015328179,0.15,0.522333333,0.042004561,0.34,0.05
 Beaver,42007,0.144,0.2,0.5945,0.11152798,0.15,0.522333333,0.052746335,0.34,0.05
 Bedford,42009,0.445,0.79,0.6165,0.130971587,0.95,0.522333333,0.044311104,0.34,0.05
 Berks,42011,0.153,0.69,0.3035,0,0.95,0.522333333,0.072600348,0.34,0.05
 Blair,42013,0.188,0.278,0.31275,0.020723973,0.95,0.522333333,0.051284641,0.34,0.05
 Bradford,42015,0.42,0.848,0.35075,0.13624863,0.95,0.522333333,0.041681426,0.34,0.05
 Bucks,42017,0.021,0.996,0.32025,0.031498775,0.95,0.522333333,0.077377152,0.34,0.05
 Butler,42019,0.035,0.31,0.32025,0.079994369,0.15,0.522333333,0.052876202,0.34,0.05
 Cambria,42021,0.404,0.507,0.143,0,0.15,0.522333333,0.043871115,0.34,0.05
 Cameron,42023,0.299,0.444,1,0,0.15,0.522333333,0.031884432,0.34,0.95
 Carbon,42025,0.304,0.847,0.84775,0,0.95,0.522333333,0.05731148,0.34,0.95
 Centre,42027,0.013,0.451,0.421,0.064399725,0.95,0.522333333,0.057071639,0.34,0.05
 Chester,42029,0.023,0.937,0.3275,0.090526166,0.95,0.522333333,0.071389146,0.34,0.05
 Clarion,42031,0.172,0.627,0.228,0,0.15,0.522333333,0.040372734,0.34,0.05
 Clearfield,42033,0.395,0.673,0.21425,0,0.15,0.522333333,0.041610847,0.34,0.05
 Clinton,42035,0.393,0.527,0.3755,0.022371906,0.95,0.522333333,0.056958221,0.34,0.95
 Columbia,42037,0.225,0.489,0.79225,0.027258094,0.95,0.522333333,0.053900241,0.34,0.95
 Crawford,42039,0.283,0.734,0.39275,0,0.15,0.522333333,0.039499336,0.34,0.05
 Cumberland,42041,0.034,0.431,0.601,0.070219232,0.95,0.522333333,0.064176259,0.34,0.05
 Dauphin,42043,0.154,0.404,0.38575,0.021979645,0.95,0.522333333,0.065344241,0.34,0.05
 Delaware,42045,0.073,0.975,0.27475,0.046821196,0.95,0.522333333,0.107184317,0.34,0.95
 Elk,42047,0.096,0.333,0.45825,0,0.15,0.522333333,0.045700038,0.34,0.05
 Erie,42049,0.207,0.522,0.37975,0,0.15,0.522333333,0.04557982,0.34,0.05
 Fayette,42051,0.595,0.594,0.32125,0.003456061,0.15,0.522333333,0.052616148,0.34,0.05
 Forest,42053,0.556,0.659,0.58775,0.050892716,0.15,0.522333333,0.050777773,0.34,0.95
 Franklin,42055,0.305,0.652,0.445,0.121012235,0.95,0.522333333,0.058909859,0.34,0.05
 Fulton,42057,0.378,0.681,0.88375,0.194927123,0.95,0.522333333,0.045789995,0.34,0.05
 Greene,42059,0.483,0.229,0.1805,0.15270767,0.15,0.522333333,0.045390262,0.34,0.05
 Huntingdon,42061,0.461,0.802,0.64875,0.12773679,0.95,0.522333333,0.050370939,0.34,0.05
 Indiana,42063,0.205,0.591,0.34475,0,0.15,0.522333333,0.041108637,0.34,0.05
 Jefferson,42065,0.392,0.663,0.474,0,0.15,0.522333333,0.041639093,0.34,0.05
 Juniata,42067,0.582,0.483,0.81225,0.158226625,0.95,0.522333333,0.059660165,0.34,0.05
 Lackawanna,42069,0.107,0.239,0.13375,0.023185554,0.95,0.522333333,0.053524472,0.34,0.05
 Lancaster,42071,0.069,0.645,0.1205,0.122658535,0.95,0.522333333,0.092077195,0.34,0.05
 Lawrence,42073,0.375,0.239,0.226,0.071204458,0.15,0.522333333,0.046562339,0.34,0.05
 Lebanon,42075,0.103,0.563,0.37575,0,0.95,0.522333333,0.080922433,0.34,0.05
 Lehigh,42077,0.028,0.629,0.35925,0.002864685,0.95,0.522333333,0.06236759,0.34,0.05
 Luzerne,42079,0.193,0.376,0.3355,0.041303772,0.95,0.522333333,0.04761929,0.34,0.95
 Lycoming,42081,0.155,0.528,0.12675,0,0.95,0.522333333,0.050773913,0.34,0.95
 McKean,42083,0.279,0.759,0.358,0,0.15,0.522333333,0.040898361,0.34,0.95
 Mercer,42085,0.205,0.578,0.393,0.049865263,0.15,0.522333333,0.042583706,0.34,0.05
 Mifflin,42087,0.532,0.324,0.7715,0.133413184,0.95,0.522333333,0.055430875,0.34,0.05
 Monroe,42089,0.235,0.797,0.72925,0,0.95,0.522333333,0.062871408,0.34,0.05
 Montgomery,42091,0.002,0.931,0.05525,0.020198254,0.95,0.522333333,0.091279937,0.34,0.05
 Montour,42093,0.06,0.355,0.9245,0.134940176,0.95,0.522333333,0.058936464,0.34,0.95
 Northampton,42095,0.019,0.674,0.3425,0,0.95,0.522333333,0.067986748,0.34,0.05
 Northumberland,42097,0.4,0.265,0.65475,0.090583914,0.95,0.522333333,0.057006365,0.34,0.05
 Perry,42099,0.391,0.599,0.90975,0.052419349,0.95,0.522333333,0.05846578,0.34,0.05
 Philadelphia,42101,0.545,0.475,0.2875,0.020083029,0.95,0.522333333,0.173805917,0.34,0.05
 Pike,42103,0.1,0.379,0.90425,0.00748407,0.95,0.522333333,0.03502401,0.34,0.05
 Potter,42105,0.486,0.694,0.79325,0.006382916,0.15,0.522333333,0.037837161,0.34,0.05
 Schuylkill,42107,0.324,0.555,0.714,0,0.95,0.522333333,0.056255497,0.34,0.05
 Snyder,42109,0.245,0.551,0.7645,0.100238873,0.95,0.522333333,0.059640455,0.34,0.95
 Somerset,42111,0.394,0.815,0.6535,0.003776018,0.15,0.522333333,0.04143151,0.34,0.05
 Sullivan,42113,0.541,0.775,0.9245,0,0.95,0.522333333,0.042546877,0.34,0.95
 Susquehanna,42115,0.426,0.78,0.4295,0.05324124,0.95,0.522333333,0.045463594,0.34,0.05
 Tioga,42117,0.308,0.754,0.54475,0.097630833,0.15,0.522333333,0.042237172,0.34,0.05
 Union,42119,0.134,0.389,0.859,0.060001335,0.95,0.522333333,0.06988558,0.34,0.05
 Venango,42121,0.366,0.778,0.133,0.048068551,0.15,0.522333333,0.040735132,0.34,0.05
 Warren,42123,0.268,0.779,0.3785,0,0.15,0.522333333,0.03773344,0.34,0.95
 Washington,42125,0.251,0.137,0.2915,0.185448699,0.15,0.522333333,0.053075945,0.34,0.05
 Wayne,42127,0.227,0.595,0.6505,0.00550239,0.95,0.522333333,0.049901926,0.34,0.05
 Westmoreland,42129,0.144,0.498,0.2775,0.043361979,0.15,0.522333333,0.052152297,0.34,0.05
 Wyoming,42131,0.372,0.658,0.56575,0.093055646,0.95,0.522333333,0.044816779,0.34,0.05
 York,42133,0.088,0.706,0.30925,0.126740717,0.95,0.522333333,0.060124759,0.34,0.05
 Bristol,44001,0.023,0.944,0.94175,0.172153096,0.95,0.381,0.13932462,0.92,0.95
 Kent,44003,0.029,0.957,0.522,0,0.95,0.381,0.076216168,0.92,0.05
 Newport,44005,0.027,0.932,0.3045,0.147880366,0.95,0.381,0.118345773,0.92,0.95
 Providence,44007,0.105,0.967,0.0695,0,0.95,0.381,0.085392595,0.92,0.05
 Washington,44009,0.063,0.962,0.4375,0.105306445,0.95,0.381,0.098160699,0.92,0.05
 Abbeville,45001,0.761,0.421,0.962,0.366486105,0.95,0.408,0.039982556,0.36,0.95
 Aiken,45003,0.63,0.724,0.37125,0.304335537,0.95,0.408,0.04687273,0.36,0.05
 Allendale,45005,0.968,0.876,1,0.381434617,0.95,0.408,0.034082607,0.36,0.95
 Anderson,45007,0.586,0.509,0.125,0.275875196,0.95,0.408,0.052418391,0.36,0.05
 Bamberg,45009,0.967,0.454,0.91,0.387851516,0.95,0.408,0.037299918,0.36,0.95
 Barnwell,45011,0.992,0.877,1,0.364586082,0.95,0.408,0.038331112,0.36,0.95
 Beaufort,45013,0.52,0.951,0.686,0.415470108,0.95,0.408,0.041812854,0.36,0.05
 Berkeley,45015,0.633,0.974,0.36025,0.313965363,0.95,0.408,0.035847957,0.36,0.05
 Calhoun,45017,0.707,0.531,0.58475,0.28863028,0.95,0.408,0.036476536,0.36,0.95
 Charleston,45019,0.351,0.974,0.09825,0.3095645,0.95,0.408,0.066089694,0.36,0.05
 Cherokee,45021,0.778,0.258,0.50475,0.227680369,0.95,0.408,0.039160536,0.36,0.05
 Chester,45023,0.713,0.367,0.861,0.344709464,0.95,0.408,0.038090082,0.36,0.05
 Chesterfield,45025,0.918,0.714,0.704,0.285875009,0.95,0.408,0.036060512,0.36,0.95
 Clarendon,45027,0.944,0.894,0.9495,0.334069617,0.95,0.408,0.034579189,0.36,0.95
 Colleton,45029,0.92,0.977,0.75675,0.3358712,0.95,0.408,0.038535057,0.36,0.05
 Darlington,45031,0.958,0.418,0.83975,0.250811777,0.95,0.408,0.033090772,0.36,0.95
 Dillon,45033,0.99,0.872,0.93425,0.138409034,0.95,0.408,0.032870937,0.36,0.95
 Dorchester,45035,0.61,0.963,0.654,0.368705902,0.95,0.408,0.039390043,0.36,0.95
 Edgefield,45037,0.82,0.795,0.919,0.446116923,0.95,0.408,0.042900045,0.36,0.95
 Fairfield,45039,0.963,0.385,0.605,0.358317482,0.95,0.408,0.036049643,0.36,0.05
 Florence,45041,0.811,0.868,0.647,0.318580402,0.95,0.408,0.036406632,0.36,0.95
 Georgetown,45043,0.899,0.984,0.807,0.229216678,0.95,0.408,0.034059601,0.36,0.05
 Greenville,45045,0.255,0.424,0.08175,0.145889064,0.95,0.408,0.068871608,0.36,0.05
 Greenwood,45047,0.703,0.35,0.7775,0.41990798,0.95,0.408,0.03711031,0.36,0.95
 Hampton,45049,0.789,0.957,1,0.410398885,0.95,0.408,0.035562574,0.36,0.05
 Horry,45051,0.74,0.973,0.602,0.19109397,0.95,0.408,0.043875581,0.36,0.05
 Jasper,45053,0.887,0.964,0.838,0.365295304,0.95,0.408,0.042362251,0.36,0.05
 Kershaw,45055,0.636,0.427,0.72975,0.338326408,0.95,0.408,0.039035238,0.36,0.95
 Lancaster,45057,0.736,0.346,0.462,0.382364402,0.95,0.408,0.045247573,0.36,0.95
 Laurens,45059,0.773,0.569,0.629,0.354613366,0.95,0.408,0.042380749,0.36,0.95
 Lee,45061,0.929,0.312,1,0.363005163,0.95,0.408,0.032257148,0.36,0.95
 Lexington,45063,0.277,0.336,0.3215,0.2739474,0.95,0.408,0.050615432,0.36,0.05
 McCormick,45065,0.67,0.238,1,0.356137982,0.95,0.408,0.03550191,0.36,0.95
 Marion,45067,0.887,0.902,0.9045,0.2009611,0.95,0.408,0.033526119,0.36,0.95
 Marlboro,45069,0.975,0.413,0.9275,0.280083893,0.95,0.408,0.032841117,0.36,0.95
 Newberry,45071,0.841,0.289,0.867,0.368859748,0.95,0.408,0.039050295,0.36,0.95
 Oconee,45073,0.745,0.379,0.65225,0.026368155,0.95,0.408,0.054161366,0.36,0.05
 Orangeburg,45075,0.806,0.554,0.4155,0.368927306,0.95,0.408,0.035913493,0.36,0.95
 Pickens,45077,0.557,0.416,0.64975,0.146114907,0.95,0.408,0.059775013,0.36,0.95
 Richland,45079,0.368,0.438,0.37875,0.270535855,0.95,0.408,0.044812406,0.36,0.05
 Saluda,45081,0.875,0.33,1,0.430347218,0.95,0.408,0.041714322,0.36,0.95
 Spartanburg,45083,0.565,0.518,0.555,0.198935202,0.95,0.408,0.060866528,0.36,0.05
 Sumter,45085,0.764,0.253,0.612,0.357605132,0.95,0.408,0.037462423,0.36,0.95
 Union,45087,0.807,0.454,1,0.29252749,0.95,0.408,0.038661976,0.36,0.95
 Williamsburg,45089,0.931,0.902,0.69775,0.206938975,0.95,0.408,0.033950112,0.36,0.95
 York,45091,0.276,0.367,0.37675,0.300451583,0.95,0.408,0.058153243,0.36,0.05
 Aurora,46003,0.195,0.626,1,0.760594768,0.95,0.549,0.038238983,0.7,0.95
 Beadle,46005,0.307,0.612,0.6715,0.735084245,0.95,0.549,0.038692375,0.7,0.95
 Bennett,46007,0.61,0.543,1,0.754924246,0.95,0.549,0.022976163,0.7,0.95
 Bon Homme,46009,0.155,0.786,0.93075,0.708656941,0.95,0.549,0.044297835,0.7,0.95
 Brookings,46011,0.24,0.565,0.40025,0.681371086,0.95,0.549,0.049341168,0.7,0.95
 Brown,46013,0.201,0.618,0.66225,0.771287211,0.95,0.549,0.041027522,0.7,0.95
 Brule,46015,0.217,0.559,1,0.729651204,0.95,0.549,0.036163612,0.7,0.95
 Buffalo,46017,0.8,0.577,1,0.756469626,0.95,0.549,0.027580775,0.7,0.95
 Butte,46019,0.345,0.768,0.7685,0.844627191,0.15,0.549,0.02307828,0.7,0.95
 Campbell,46021,0.086,0.631,1,0.71571223,0.95,0.549,0.030127492,0.7,0.95
 Charles Mix,46023,0.553,0.785,0.94425,0.766300653,0.95,0.549,0.038838966,0.7,0.95
 Clark,46025,0.374,0.744,0.9475,0.785057919,0.95,0.549,0.043105102,0.7,0.95
 Clay,46027,0.272,0.34,0.93975,0.797409324,0.95,0.549,0.054016452,0.7,0.05
 Codington,46029,0.175,0.522,0.7165,0.611582531,0.95,0.549,0.04110387,0.7,0.95
 Corson,46031,0.588,0.877,1,0.822604715,0.95,0.549,0.022899276,0.7,0.95
 Custer,46033,0.117,0.86,0.88325,0.761498114,0.95,0.549,0.026795165,0.7,0.95
 Davison,46035,0.266,0.671,0.703,0.738273938,0.95,0.549,0.042652675,0.7,0.95
 Day,46037,0.167,0.799,0.92175,0.805595718,0.95,0.549,0.037294664,0.7,0.95
 Deuel,46039,0.238,0.54,0.8755,0.574924448,0.95,0.549,0.04630068,0.7,0.95
 Dewey,46041,0.552,0.834,0.924,0.839494218,0.95,0.549,0.020847764,0.7,0.95
 Douglas,46043,0.316,0.495,0.9595,0.756858602,0.95,0.549,0.04224645,0.7,0.95
 Edmunds,46045,0.066,0.566,0.9025,0.822682163,0.95,0.549,0.034431536,0.7,0.95
 Fall River,46047,0.335,0.816,0.9475,0.821893322,0.15,0.549,0.020592417,0.7,0.95
 Faulk,46049,0.247,0.689,0.962,0.804944462,0.95,0.549,0.036071379,0.7,0.95
 Grant,46051,0.151,0.755,0.73075,0.640088771,0.95,0.549,0.040605042,0.7,0.95
 Gregory,46053,0.408,0.545,0.95775,0.772596375,0.95,0.549,0.02834462,0.7,0.95
 Haakon,46055,0.258,0.824,0.959,0.835566894,0.95,0.549,0.022684336,0.7,0.95
 Hamlin,46057,0.238,0.764,0.95675,0.672782387,0.95,0.549,0.044711719,0.7,0.95
 Hand,46059,0.075,0.826,0.96175,0.756225412,0.95,0.549,0.033567008,0.7,0.95
 Hanson,46061,0.092,0.796,1,0.605807451,0.95,0.549,0.044947758,0.7,0.95
 Harding,46063,0.094,0.787,0.79325,0.858244374,0.15,0.549,0.019856042,0.7,0.95
 Hughes,46065,0.176,0.426,0.6655,0.817393695,0.95,0.549,0.032007112,0.7,0.95
 Hutchinson,46067,0.173,0.811,0.938,0.690825157,0.95,0.549,0.04691034,0.7,0.95
 Hyde,46069,0.097,0.762,0.94825,0.772092459,0.95,0.549,0.028804088,0.7,0.95
 Jackson,46071,0.563,0.73,0.959,0.824308174,0.95,0.549,0.021211171,0.7,0.95
 Jerauld,46073,0.262,0.585,0.9525,0.727585606,0.95,0.549,0.032396567,0.7,0.95
 Jones,46075,0.102,0.801,0.96075,0.824736304,0.95,0.549,0.025009796,0.7,0.95
 Kingsbury,46077,0.247,0.468,0.92925,0.692077745,0.95,0.549,0.044288987,0.7,0.95
 Lake,46079,0.171,0.348,0.6825,0.707884391,0.95,0.549,0.050367049,0.7,0.95
 Lawrence,46081,0.183,0.59,0.68725,0.632029489,0.95,0.549,0.032781395,0.7,0.95
 Lincoln,46083,0.09,0.379,0.18875,0.645218699,0.95,0.549,0.057529888,0.7,0.05
 Lyman,46085,0.385,0.715,0.947,0.781072816,0.95,0.549,0.027764885,0.7,0.95
 McCook,46087,0.158,0.492,0.96025,0.644516816,0.95,0.549,0.050062666,0.7,0.95
 McPherson,46089,0.433,0.648,1,0.662164146,0.95,0.549,0.030598616,0.7,0.95
 Marshall,46091,0.332,0.82,0.95925,0.73757989,0.95,0.549,0.038524885,0.7,0.95
 Meade,46093,0.119,0.692,0.6755,0.783252992,0.95,0.549,0.023323216,0.7,0.95
 Mellette,46095,0.681,0.58,1,0.834186676,0.95,0.549,0.021803394,0.7,0.95
 Miner,46097,0.347,0.486,0.921,0.687963319,0.95,0.549,0.041657913,0.7,0.95
 Minnehaha,46099,0.065,0.274,0.3595,0.656367249,0.95,0.549,0.057191685,0.7,0.05
 Moody,46101,0.279,0.745,0.89275,0.668813393,0.95,0.549,0.058361787,0.7,0.95
 Pennington,46103,0.162,0.419,0.566,0.74307592,0.95,0.549,0.024350796,0.7,0.95
 Perkins,46105,0.17,0.827,0.939,0.846891321,0.15,0.549,0.021495651,0.7,0.95
 Potter,46107,0.055,0.684,0.955,0.851860385,0.95,0.549,0.03348518,0.7,0.95
 Roberts,46109,0.358,0.741,0.958,0.693668908,0.95,0.549,0.040031536,0.7,0.95
 Sanborn,46111,0.188,0.871,0.947,0.753213362,0.95,0.549,0.038631554,0.7,0.95
Oglala Lakota,46102,0.35,0.786,1,0.803276154,0.95,0.549,0.053210006,0.7,0.95
 Spink,46115,0.206,0.878,0.90725,0.825050142,0.95,0.549,0.040788013,0.7,0.95
 Stanley,46117,0.016,0.839,1,0.821004158,0.95,0.549,0.021090731,0.7,0.95
 Sully,46119,0.009,0.583,1,0.840478747,0.95,0.549,0.031307656,0.7,0.95
 Todd,46121,0.797,0.731,0.953,0.835929013,0.95,0.549,0.02139514,0.7,0.95
 Tripp,46123,0.419,0.586,1,0.817435708,0.95,0.549,0.02885167,0.7,0.95
 Turner,46125,0.169,0.608,0.931,0.724166691,0.95,0.549,0.052842838,0.7,0.05
 Union,46127,0.04,0.657,0.78375,0.643242187,0.95,0.549,0.052939166,0.7,0.05
 Walworth,46129,0.196,0.507,0.921,0.796012423,0.95,0.549,0.031382674,0.7,0.95
 Yankton,46135,0.281,0.473,0.72475,0.73959964,0.95,0.549,0.046633828,0.7,0.95
 Ziebach,46137,0.596,0.852,1,0.82494067,0.95,0.549,0.021183438,0.7,0.95
 Anderson,47001,0.701,0.203,0.40525,0.042921135,0.95,0.405333333,0.055441479,0.16,0.95
 Bedford,47003,0.942,0.554,0.83475,0.082699291,0.95,0.405333333,0.049241782,0.16,0.05
 Benton,47005,0.946,0.441,0.90025,0.136222762,0.95,0.405333333,0.035391347,0.16,0.05
 Bledsoe,47007,0.994,0.762,0.90675,0.035768033,0.95,0.405333333,0.040031536,0.16,0.95
 Blount,47009,0.571,0.113,0.487,0,0.95,0.405333333,0.056098529,0.16,0.95
 Bradley,47011,0.777,0.071,0.43425,0.106517439,0.95,0.405333333,0.057116257,0.16,0.05
 Campbell,47013,0.955,0.505,0.835,0.034353576,0.95,0.405333333,0.044843005,0.16,0.95
 Cannon,47015,0.971,0.567,0.8825,0.046184781,0.95,0.405333333,0.048874301,0.16,0.95
 Carroll,47017,0.928,0.403,0.457,0.197655058,0.95,0.405333333,0.036818745,0.16,0.05
 Carter,47019,0.846,0.1,0.9485,0.026877851,0.95,0.405333333,0.050627045,0.16,0.95
 Cheatham,47021,0.636,0.268,0.714,0.18304739,0.95,0.405333333,0.05113924,0.16,0.05
 Chester,47023,0.748,0.46,0.853,0.217860641,0.95,0.405333333,0.0330137,0.16,0.95
 Claiborne,47025,0.954,0.352,0.7325,0.115576229,0.95,0.405333333,0.041502393,0.16,0.95
 Clay,47027,0.946,0.683,1,0.173238293,0.95,0.405333333,0.038555392,0.16,0.95
 Cocke,47029,0.985,0.167,0.82475,0.022058925,0.95,0.405333333,0.049217899,0.16,0.05
 Coffee,47031,0.717,0.573,0.655,0.085722078,0.95,0.405333333,0.045926733,0.16,0.05
 Crockett,47033,0.797,0.242,0.86075,0.225251452,0.95,0.405333333,0.043050516,0.16,0.95
 Cumberland,47035,0.763,0.472,0.8705,0,0.95,0.405333333,0.044368556,0.16,0.05
 Davidson,47037,0.4,0.186,0.0705,0.17621261,0.95,0.405333333,0.069750861,0.16,0.05
 Decatur,47039,0.817,0.697,0.9185,0.154038831,0.95,0.405333333,0.033978959,0.16,0.05
 DeKalb,47041,0.952,0.496,0.85325,0.074420657,0.95,0.405333333,0.043399586,0.16,0.95
 Dickson,47043,0.828,0.392,0.43675,0.194687311,0.95,0.405333333,0.048163482,0.16,0.05
 Dyer,47045,0.84,0.157,0.8895,0.184951829,0.95,0.405333333,0.042546877,0.16,0.05
 Fayette,47047,0.622,0.553,0.7515,0.189109512,0.95,0.405333333,0.040922311,0.16,0.05
 Fentress,47049,0.939,0.792,0.75875,0.034167393,0.95,0.405333333,0.040624341,0.16,0.95
 Franklin,47051,0.936,0.674,0.6415,0.099972646,0.95,0.405333333,0.0482935,0.16,0.05
 Gibson,47053,0.844,0.309,0.64675,0.180932928,0.95,0.405333333,0.041360504,0.16,0.05
 Giles,47055,0.84,0.545,0.85175,0.135715609,0.95,0.405333333,0.045403212,0.16,0.95
 Grainger,47057,0.829,0.168,1,0.136715775,0.95,0.405333333,0.047713842,0.16,0.95
 Greene,47059,0.888,0.281,0.708,0.139301579,0.95,0.405333333,0.050172144,0.16,0.05
 Grundy,47061,0.986,0.598,0.9035,0.002067363,0.95,0.405333333,0.044213707,0.16,0.05
 Hamblen,47063,0.876,0.078,0.64025,0.139197948,0.95,0.405333333,0.051657736,0.16,0.05
 Hamilton,47065,0.498,0.122,0.33775,0.074951356,0.95,0.405333333,0.057889814,0.16,0.05
 Hancock,47067,0.996,0.27,1,0.142945693,0.95,0.405333333,0.03535811,0.16,0.95
 Hardeman,47069,0.969,0.622,0.8745,0.227935907,0.95,0.405333333,0.033149937,0.16,0.95
 Hardin,47071,0.874,0.624,0.85775,0.122743766,0.95,0.405333333,0.034408763,0.16,0.05
 Hawkins,47073,0.928,0.199,0.449,0.17788446,0.95,0.405333333,0.044333209,0.16,0.05
 Haywood,47075,0.803,0.289,0.82975,0.220557308,0.95,0.405333333,0.037691872,0.16,0.05
 Henderson,47077,0.849,0.568,0.8565,0.201690883,0.95,0.405333333,0.03403658,0.16,0.05
 Henry,47079,0.922,0.28,0.8325,0.180655317,0.95,0.405333333,0.041450424,0.16,0.05
 Hickman,47081,0.92,0.384,0.7265,0.15044633,0.95,0.405333333,0.040075567,0.16,0.05
 Houston,47083,0.884,0.227,0.957,0.228967563,0.95,0.405333333,0.039125493,0.16,0.95
 Humphreys,47085,0.912,0.363,0.46575,0.153239744,0.95,0.405333333,0.036277224,0.16,0.05
 Jackson,47087,0.917,0.582,0.93825,0.126433524,0.95,0.405333333,0.040007054,0.16,0.95
 Jefferson,47089,0.852,0.085,0.8405,0.091226592,0.95,0.405333333,0.051043355,0.16,0.05
 Johnson,47091,0.965,0.656,0.86525,0.059830833,0.95,0.405333333,0.048617024,0.16,0.95
 Knox,47093,0.357,0.105,0.10575,0.032995571,0.95,0.405333333,0.0694355,0.16,0.05
 Lake,47095,0.836,0.165,0.93225,0.377410165,0.95,0.405333333,0.042158228,0.16,0.95
 Lauderdale,47097,0.908,0.278,0.859,0.279918797,0.95,0.405333333,0.038783428,0.16,0.05
 Lawrence,47099,0.906,0.673,0.826,0.088299436,0.95,0.405333333,0.042362251,0.16,0.05
 Lewis,47101,0.977,0.479,0.92525,0.077546503,0.95,0.405333333,0.037743825,0.16,0.95
 Lincoln,47103,0.853,0.696,0.809,0.141670389,0.95,0.405333333,0.04523891,0.16,0.05
 Loudon,47105,0.673,0.134,0.80075,0.032387578,0.95,0.405333333,0.055751644,0.16,0.05
 McMinn,47107,0.854,0.287,0.80675,0.065750976,0.95,0.405333333,0.046889449,0.16,0.05
 McNairy,47109,0.906,0.566,0.67075,0.199450741,0.95,0.405333333,0.034025064,0.16,0.05
 Macon,47111,0.992,0.621,0.86825,0.220471246,0.95,0.405333333,0.04807389,0.16,0.95
 Madison,47113,0.599,0.289,0.65575,0.227221019,0.95,0.405333333,0.034850137,0.16,0.05
 Marion,47115,0.916,0.454,0.69625,0.049822882,0.95,0.405333333,0.045355712,0.16,0.05
 Marshall,47117,0.82,0.513,0.4295,0.128437082,0.95,0.405333333,0.047097941,0.16,0.95
 Maury,47119,0.587,0.487,0.64775,0.096008662,0.95,0.405333333,0.048151274,0.16,0.05
 Meigs,47121,0.817,0.202,0.927,0.044793763,0.95,0.405333333,0.045691462,0.16,0.95
 Monroe,47123,0.98,0.252,0.738,0,0.95,0.405333333,0.047466789,0.16,0.05
 Montgomery,47125,0.612,0.108,0.615,0.186132844,0.95,0.405333333,0.045264892,0.16,0.05
 Moore,47127,0.758,0.51,0.91375,0.145071301,0.95,0.405333333,0.040561585,0.16,0.05
 Morgan,47129,0.943,0.584,0.89675,0.00534943,0.95,0.405333333,0.040927099,0.16,0.95
 Obion,47131,0.902,0.335,0.86375,0.17028902,0.95,0.405333333,0.040532589,0.16,0.05
 Overton,47133,0.927,0.721,0.73525,0.148010565,0.95,0.405333333,0.039771254,0.16,0.95
 Perry,47135,0.977,0.579,0.92425,0.084039485,0.95,0.405333333,0.03502401,0.16,0.05
 Pickett,47137,0.81,0.611,0.9535,0.138100002,0.95,0.405333333,0.041492949,0.16,0.95
 Polk,47139,0.948,0.173,0.95725,0,0.95,0.405333333,0.049689426,0.16,0.05
 Putnam,47141,0.743,0.644,0.678,0.086516158,0.95,0.405333333,0.047590476,0.16,0.05
 Rhea,47143,0.923,0.371,0.907,0.034190442,0.95,0.405333333,0.04557982,0.16,0.95
 Roane,47145,0.658,0.27,0.69525,0.041627253,0.95,0.405333333,0.048649258,0.16,0.05
 Robertson,47147,0.661,0.14,0.9015,0.244019069,0.95,0.405333333,0.053940216,0.16,0.95
 Rutherford,47149,0.347,0.316,0.3945,0.144117866,0.95,0.405333333,0.063380496,0.16,0.05
 Scott,47151,0.957,0.654,0.51025,0,0.95,0.405333333,0.038023145,0.16,0.95
 Sequatchie,47153,0.917,0.544,0.958,0.041341311,0.95,0.405333333,0.042032542,0.16,0.95
 Sevier,47155,0.716,0.197,0.67575,0.009044331,0.95,0.405333333,0.055040637,0.16,0.05
 Shelby,47157,0.712,0.264,0.07025,0.169984303,0.95,0.405333333,0.045420472,0.16,0.05
 Smith,47159,0.868,0.565,0.881,0.133882714,0.95,0.405333333,0.045824218,0.16,0.05
 Stewart,47161,0.951,0.407,0.81175,0.130222599,0.95,0.405333333,0.039746611,0.16,0.95
 Sullivan,47163,0.675,0.296,0.6205,0.168762826,0.95,0.405333333,0.057088804,0.16,0.05
 Sumner,47165,0.455,0.336,0.36225,0.226800553,0.95,0.405333333,0.052137265,0.16,0.05
 Tipton,47167,0.748,0.33,0.838,0.245897476,0.95,0.405333333,0.041369979,0.16,0.05
 Trousdale,47169,0.972,0.338,0.91375,0.14825366,0.95,0.405333333,0.047787709,0.16,0.95
 Unicoi,47171,0.971,0.562,0.94825,0.002481303,0.95,0.405333333,0.065640453,0.16,0.95
 Union,47173,0.902,0.249,1,0.131205643,0.95,0.405333333,0.042482349,0.16,0.95
 Van Buren,47175,0.758,0.606,1,0.089381626,0.95,0.405333333,0.042041865,0.16,0.05
 Warren,47177,0.991,0.514,0.80325,0.020734217,0.95,0.405333333,0.050781632,0.16,0.05
 Washington,47179,0.563,0.11,0.63625,0.127701146,0.95,0.405333333,0.061745525,0.16,0.05
 Wayne,47181,0.978,0.727,0.91025,0.134959629,0.95,0.405333333,0.035091085,0.16,0.05
 Weakley,47183,0.856,0.218,0.873,0.209111218,0.95,0.405333333,0.042826899,0.16,0.05
 White,47185,0.97,0.58,0.8785,0.086244849,0.95,0.405333333,0.049535386,0.16,0.05
 Williamson,47187,0.033,0.166,0.3655,0.24695247,0.95,0.405333333,0.05292806,0.16,0.05
 Wilson,47189,0.341,0.324,0.678,0.216795037,0.95,0.405333333,0.050599944,0.16,0.05
 Anderson,48001,0.775,0.468,0.387,0.447348256,0.05,0.396666667,0.038682244,0.04,0.95
 Andrews,48003,0.411,0.826,0.28525,1,0,0.396666667,0.025001959,0.04,0.05
 Angelina,48005,0.724,0.648,0.44875,0.440388639,0.05,0.396666667,0.041985896,0.04,0.05
 Aransas,48007,0.926,0.948,0.55425,0.650778579,0.05,0.396666667,0.026787851,0.04,0.95
 Archer,48009,0.487,0.691,0.43225,0.776150803,0.05,0.396666667,0.028115554,0.04,0.05
 Armstrong,48011,0.508,0.685,0.94675,1,0.15,0.396666667,0.022632446,0.04,0.05
 Atascosa,48013,0.932,0.782,0.34625,1,0.05,0.396666667,0.032930497,0.04,0.05
 Austin,48015,0.755,0.709,0.50725,0.493823937,0.05,0.396666667,0.04924974,0.04,0.05
 Bailey,48017,0.814,0.581,0.882,1,0,0.396666667,0.027373961,0.04,0.05
 Bandera,48019,0.837,0.856,0.8585,0.729013611,0.05,0.396666667,0.041246642,0.04,0.05
 Bastrop,48021,0.831,0.757,0.2135,0.699697114,0.05,0.396666667,0.04939277,0.04,0.05
 Baylor,48023,0.688,0.68,0.9195,0.887154522,0.05,0.396666667,0.028045771,0.04,0.95
 Bee,48025,0.993,0.793,0.45825,0.721153427,0.05,0.396666667,0.032372363,0.04,0.05
 Bell,48027,0.583,0.396,0.36575,0.547754183,0.05,0.396666667,0.04239924,0.04,0.05
 Bexar,48029,0.454,0.256,0.049,0.539175777,0.05,0.396666667,0.054359991,0.04,0.05
 Blanco,48031,0.668,0.865,0.83525,0.641623563,0.05,0.396666667,0.036190695,0.04,0.05
 Borden,48033,0.536,0.806,0.94925,0.986428613,0,0.396666667,0.021146404,0.04,0.95
 Bosque,48035,0.64,0.769,0.29575,0.641927216,0.05,0.396666667,0.036530218,0.04,0.05
 Bowie,48037,0.629,0.415,0.451,0.414570629,0.05,0.396666667,0.037634641,0.04,0.05
 Brazoria,48039,0.588,0.989,0.101,0.276734745,0,0.396666667,0.046173538,0.04,0.05
 Brazos,48041,0.323,0.124,0.29525,0.575297963,0.05,0.396666667,0.048580735,0.04,0.05
 Brewster,48043,0.722,0.605,0.77475,0.892162242,0.15,0.396666667,0.023222176,0.04,0.05
 Briscoe,48045,0.723,0.512,1,1,0.15,0.396666667,0.021192686,0.04,0.95
 Brooks,48047,0.999,0.754,0.76825,0.882710968,0.15,0.396666667,0.02760918,0.04,0.05
 Brown,48049,0.819,0.603,0.71825,0.815098373,0.05,0.396666667,0.035529498,0.04,0.05
 Burleson,48051,0.739,0.509,0.35825,0.684277639,0.05,0.396666667,0.043059618,0.04,0.95
 Burnet,48053,0.696,0.802,0.47475,0.708511284,0.05,0.396666667,0.038274837,0.04,0.05
 Caldwell,48055,0.933,0.72,0.38,0.586804622,0.05,0.396666667,0.043435692,0.04,0.05
 Calhoun,48057,0.864,0.979,0.403,0.604869502,0.05,0.396666667,0.036206935,0.04,0.05
 Callahan,48059,0.694,0.818,0.6935,0.836583769,0.15,0.396666667,0.03161286,0.04,0.05
 Cameron,48061,0.873,0.93,0.17125,1,0.15,0.396666667,0.040898361,0.04,0.05
 Camp,48063,0.857,0.519,1,0.41983646,0.05,0.396666667,0.043141455,0.04,0.05
 Carson,48065,0.298,0.618,0.57175,1,0.15,0.396666667,0.024734045,0.04,0.05
 Cass,48067,0.863,0.591,0.6685,0.315863607,0.05,0.396666667,0.037410079,0.04,0.05
 Castro,48069,0.761,0.323,1,1,0.15,0.396666667,0.028892392,0.04,0.05
 Chambers,48071,0.725,0.999,0.0775,0.29566377,0,0.396666667,0.036044207,0.04,0.05
 Cherokee,48073,0.896,0.643,0.44475,0.461559181,0.05,0.396666667,0.039628111,0.04,0.05
 Childress,48075,0.682,0.639,0.536,1,0.15,0.396666667,0.025712911,0.04,0.05
 Clay,48077,0.566,0.678,0.80875,0.785713692,0.05,0.396666667,0.029754443,0.04,0.05
 Cochran,48079,0.949,0.625,0.78625,1,0,0.396666667,0.023565607,0.04,0.05
 Coke,48081,0.836,0.698,1,1,0.05,0.396666667,0.024583057,0.04,0.05
 Coleman,48083,0.695,0.785,0.51975,0.83798317,0.15,0.396666667,0.029189286,0.04,0.05
 Collin,48085,0.031,0.156,0.0695,0.353164047,0.05,0.396666667,0.071559126,0.04,0.05
 Collingsworth,48087,0.944,0.758,0.87725,1,0.05,0.396666667,0.021803394,0.04,0.05
 Colorado,48089,0.857,0.725,0.478,0.587442553,0.05,0.396666667,0.041507115,0.04,0.05
 Comal,48091,0.47,0.651,0.32425,0.537803411,0.05,0.396666667,0.046457009,0.04,0.05
 Comanche,48093,0.916,0.778,0.91525,0.726973578,0.05,0.396666667,0.038356665,0.04,0.95
 Concho,48095,0.689,0.559,0.7995,0.904152286,0.15,0.396666667,0.029316561,0.04,0.05
 Cooke,48097,0.615,0.787,0.31375,0.634470303,0.05,0.396666667,0.041483503,0.04,0.05
 Coryell,48099,0.601,0.415,1,0.651598641,0.05,0.396666667,0.037671071,0.04,0.05
 Cottle,48101,0.976,0.626,0.9575,0.847841945,0.15,0.396666667,0.020372376,0.04,0.05
 Crane,48103,0.525,0.619,0.49175,0.905697675,0,0.396666667,0.023789061,0.04,0.05
 Crockett,48105,0.734,0.841,0.423,0.932793214,0,0.396666667,0.020285623,0.04,0.05
 Crosby,48107,0.764,0.681,1,1,0.15,0.396666667,0.023061292,0.04,0.05
 Culberson,48109,0.773,0.722,0.84125,0.955292735,0.05,0.396666667,0.021613835,0.04,0.05
 Dallam,48111,0.666,0.514,0.876,1,0.1,0.396666667,0.027352477,0.04,0.05
 Dallas,48113,0.32,0.195,0.00525,0.308886196,0.05,0.396666667,0.05756394,0.04,0.05
 Dawson,48115,0.936,0.441,0.497,1,0,0.396666667,0.02307828,0.04,0.05
 Deaf Smith,48117,0.733,0.04,0.84825,1,0.15,0.396666667,0.026839008,0.04,0.05
 Delta,48119,0.771,0.437,1,0.509648173,0.05,0.396666667,0.040299864,0.04,0.05
 Denton,48121,0.026,0.287,0.0775,0.593877191,0.05,0.396666667,0.069393155,0.04,0.05
 DeWitt,48123,0.881,0.878,0.374,0.67328467,0.05,0.396666667,0.038707565,0.04,0.05
 Dickens,48125,0.89,0.677,1,0.869850788,0.15,0.396666667,0.026493632,0.04,0.95
 Dimmit,48127,0.983,0.778,0.32075,0.812855306,0.05,0.396666667,0.02638988,0.04,0.95
 Donley,48129,0.644,0.832,1,1,0.15,0.396666667,0.023010252,0.04,0.05
 Duval,48131,0.982,0.776,0.39075,0.85690782,0.05,0.396666667,0.024503216,0.04,0.05
 Eastland,48133,0.79,0.797,0.381,0.716955338,0.05,0.396666667,0.034437226,0.04,0.05
 Ector,48135,0.695,0.439,0.03925,0.942772046,0,0.396666667,0.026736596,0.04,0.05
 Edwards,48137,0.901,0.905,0.95525,0.832559087,0.15,0.396666667,0.023977768,0.04,0.95
 Ellis,48139,0.35,0.551,0.16975,0.533045909,0.05,0.396666667,0.045892586,0.04,0.05
 El Paso,48141,0.504,0.027,0.057,0.89176271,0.15,0.396666667,0.033782314,0.04,0.05
 Erath,48143,0.742,0.761,0.367,0.673943508,0.05,0.396666667,0.040080457,0.04,0.05
 Falls,48145,0.802,0.551,0.95225,0.640060329,0.05,0.396666667,0.038023145,0.04,0.05
 Fannin,48147,0.823,0.684,0.8515,0.496461998,0.05,0.396666667,0.039355204,0.04,0.95
 Fayette,48149,0.58,0.863,0.23,0.635476278,0.05,0.396666667,0.046347211,0.04,0.05
 Fisher,48151,0.775,0.82,0.80975,0.94093,0,0.396666667,0.023255905,0.04,0.05
 Floyd,48153,0.759,0.464,0.9575,1,0.15,0.396666667,0.021559369,0.04,0.05
 Foard,48155,0.699,0.629,1,0.813595051,0.15,0.396666667,0.025766202,0.04,0.95
 Fort Bend,48157,0.186,0.344,0.03175,0.367328842,0,0.396666667,0.041516556,0.04,0.05
 Franklin,48159,0.621,0.506,1,0.502794502,0.05,0.396666667,0.043444714,0.04,0.05
 Freestone,48161,0.678,0.628,0.2075,0.568860925,0.05,0.396666667,0.041046622,0.04,0.05
 Frio,48163,0.905,0.85,0.3265,0.778106586,0.05,0.396666667,0.032541411,0.04,0.05
 Gaines,48165,0.72,0.887,0.60725,1,0,0.396666667,0.023723072,0.04,0.05
 Galveston,48167,0.541,0.968,0.067,0.38290703,0,0.396666667,0.077296071,0.04,0.95
 Garza,48169,0.798,0.775,0.7035,1,0,0.396666667,0.022080245,0.04,0.05
 Gillespie,48171,0.635,0.771,0.83575,0.765057208,0.05,0.396666667,0.039558823,0.04,0.05
 Glasscock,48173,0.352,0.733,0.48975,1,0,0.396666667,0.02359054,0.04,0.05
 Goliad,48175,0.735,0.854,0.66275,0.664652301,0.05,0.396666667,0.038290193,0.04,0.05
 Gonzales,48177,0.912,0.868,0.581,0.634390069,0.05,0.396666667,0.041920505,0.04,0.05
 Gray,48179,0.872,0.304,0.37175,1,0.15,0.396666667,0.024876242,0.04,0.05
 Grayson,48181,0.618,0.555,0.10375,0.539630409,0.05,0.396666667,0.055197063,0.04,0.05
 Gregg,48183,0.636,0.311,0.0405,0.324098798,0.05,0.396666667,0.052347315,0.04,0.05
 Grimes,48185,0.934,0.831,0.14825,0.544892144,0.05,0.396666667,0.036760155,0.04,0.05
 Guadalupe,48187,0.439,0.503,0.08275,0.599915735,0.05,0.396666667,0.048252907,0.04,0.05
 Hale,48189,0.791,0.081,0.47,1,0.1,0.396666667,0.024828933,0.04,0.05
 Hall,48191,0.938,0.729,1,1,0.15,0.396666667,0.0223449,0.04,0.05
 Hamilton,48193,0.717,0.785,0.88275,0.672119743,0.05,0.396666667,0.03549639,0.04,0.95
 Hansford,48195,0.76,0.561,0.5495,1,0,0.396666667,0.028254604,0.04,0.05
 Hardeman,48197,0.632,0.623,0.85275,0.870898812,0.15,0.396666667,0.024447172,0.04,0.05
 Hardin,48199,0.581,0.923,0.32775,0.350934155,0.05,0.396666667,0.04662122,0.04,0.05
 Harris,48201,0.544,0.942,0.00075,0.051300048,0,0.396666667,0.059390223,0.04,0.05
 Harrison,48203,0.75,0.708,0.1145,0.328072888,0.15,0.396666667,0.041336809,0.04,0.05
 Hartley,48205,0.458,0.605,0.9605,1,0.15,0.396666667,0.026736596,0.04,0.05
 Haskell,48207,0.919,0.755,0.76575,1,0.1,0.396666667,0.027488258,0.04,0.05
 Hays,48209,0.524,0.657,0.34475,0.575237205,0.05,0.396666667,0.066184506,0.04,0.05
 Hemphill,48211,0.711,0.832,0.45,1,0.05,0.396666667,0.021513876,0.04,0.95
 Henderson,48213,0.794,0.524,0.17475,0.485410467,0.05,0.396666667,0.042913746,0.04,0.05
 Hidalgo,48215,0.795,0.303,0.0645,1,0.15,0.396666667,0.040026641,0.04,0.05
 Hill,48217,0.744,0.75,0.36675,0.500358856,0.05,0.396666667,0.037004552,0.04,0.05
 Hockley,48219,0.792,0.557,0.389,1,0,0.396666667,0.024994121,0.04,0.05
 Hood,48221,0.607,0.489,0.094,0.775581961,0.05,0.396666667,0.048126851,0.04,0.95
 Hopkins,48223,0.775,0.595,0.70725,0.528414509,0.05,0.396666667,0.043064169,0.04,0.05
 Houston,48225,0.868,0.777,0.6175,0.534285409,0.05,0.396666667,0.036972766,0.04,0.05
 Howard,48227,0.83,0.597,0.30625,1,0,0.396666667,0.023640326,0.04,0.05
 Hudspeth,48229,0.788,0.487,1,0.931500915,0.05,0.396666667,0.020458761,0.04,0.05
 Hunt,48231,0.747,0.531,0.39525,0.471493388,0.05,0.396666667,0.045152196,0.04,0.95
 Hutchinson,48233,0.71,0.259,0.0835,1,0.1,0.396666667,0.0223449,0.04,0.05
 Irion,48235,0.652,0.751,0.4405,0.936099873,0.05,0.396666667,0.022959099,0.04,0.05
 Jack,48237,0.682,0.779,0.47925,0.706751793,0.05,0.396666667,0.036071379,0.04,0.95
 Jackson,48239,0.763,0.989,0.35775,0.546360156,0,0.396666667,0.04011955,0.04,0.05
 Jasper,48241,0.849,0.927,0.40225,0.384942369,0.05,0.396666667,0.04392022,0.04,0.05
 Jeff Davis,48243,0.62,0.792,0.87075,0.951554578,0.05,0.396666667,0.020772433,0.04,0.05
 Jefferson,48245,0.816,0.967,0.0455,0.199946404,0,0.396666667,0.030942503,0.04,0.05
 Jim Hogg,48247,0.973,0.675,0.56375,0.89441529,0.15,0.396666667,0.028303109,0.04,0.05
 Jim Wells,48249,0.978,0.448,0.3535,0.760023862,0.05,0.396666667,0.030961495,0.04,0.05
 Johnson,48251,0.527,0.753,0.0845,0.503518682,0.05,0.396666667,0.047532796,0.04,0.05
 Jones,48253,0.78,0.722,0.487,0.806345675,0.15,0.396666667,0.027694219,0.04,0.05
 Karnes,48255,0.834,0.86,0.35575,0.691806983,0.05,0.396666667,0.034007782,0.04,0.95
 Kaufman,48257,0.611,0.481,0.4585,0.491771289,0.05,0.396666667,0.046520235,0.04,0.05
 Kendall,48259,0.513,0.8,0.36825,0.59870575,0.05,0.396666667,0.040840826,0.04,0.05
 Kenedy,48261,0.846,0.983,1,0.891433432,0.15,0.396666667,0.026758575,0.04,0.05
 Kent,48263,0.697,0.592,1,1,0.1,0.396666667,0.026248418,0.04,0.95
 Kerr,48265,0.804,0.76,0.658,0.693194736,0.05,0.396666667,0.037546021,0.04,0.05
 Kimble,48267,0.882,0.804,0.8655,0.820582739,0.05,0.396666667,0.032062165,0.04,0.05
 King,48269,0.49,0.558,1,0.835268771,0.1,0.396666667,0.021044224,0.04,0.95
 Kinney,48271,0.829,0.846,0.5455,0.822311343,0.15,0.396666667,0.024828933,0.04,0.95
 Kleberg,48273,0.881,0.958,0.45875,0.761551914,0.15,0.396666667,0.023390333,0.04,0.05
 Knox,48275,0.727,0.665,0.6235,1,0.15,0.396666667,0.027877579,0.04,0.05
 Lamar,48277,0.848,0.387,0.598,0.486577661,0.05,0.396666667,0.037336675,0.04,0.05
 Lamb,48279,0.846,0.328,0.51025,1,0.15,0.396666667,0.024286333,0.04,0.05
 Lampasas,48281,0.629,0.481,1,0.628425141,0.05,0.396666667,0.034861381,0.04,0.05
 La Salle,48283,0.884,0.79,0.37725,0.852710874,0.05,0.396666667,0.02834462,0.04,0.05
 Lavaca,48285,0.796,0.853,0.4405,0.615593831,0.05,0.396666667,0.043295613,0.04,0.05
 Lee,48287,0.686,0.868,0.29975,0.672482358,0.05,0.396666667,0.044536068,0.04,0.05
 Leon,48289,0.68,0.73,0.38125,0.56508604,0.05,0.396666667,0.038468894,0.04,0.05
 Liberty,48291,0.9,0.942,0.326,0.392528724,0.05,0.396666667,0.040826429,0.04,0.05
 Limestone,48293,0.834,0.767,0.69925,0.546764305,0.05,0.396666667,0.032275367,0.04,0.05
 Lipscomb,48295,0.684,0.79,0.585,1,0,0.396666667,0.022993214,0.04,0.95
 Live Oak,48297,0.785,0.832,0.38625,0.771919914,0.05,0.396666667,0.032978067,0.04,0.05
 Llano,48299,0.802,0.71,0.75675,0.787293397,0.05,0.396666667,0.03483889,0.04,0.95
 Loving,48301,0.645,0.473,0.802,0.932423716,0,0.396666667,0.025590686,0.04,0.95
 Lubbock,48303,0.545,0.112,0.05725,1,0.1,0.396666667,0.032366309,0.04,0.05
 Lynn,48305,0.772,0.816,0.884,1,0,0.396666667,0.022623786,0.04,0.05
 McCulloch,48307,0.628,0.723,0.55925,0.824701651,0.05,0.396666667,0.028885609,0.04,0.95
 McLennan,48309,0.573,0.409,0.34025,0.570495525,0.05,0.396666667,0.046814165,0.04,0.05
 McMullen,48311,0.548,0.805,0.49025,0.825952419,0.05,0.396666667,0.02757367,0.04,0.95
 Madison,48313,0.766,0.719,0.543,0.586433335,0.05,0.396666667,0.039731818,0.04,0.05
 Marion,48315,0.729,0.384,0.5775,0.349935602,0.15,0.396666667,0.029662099,0.04,0.05
 Martin,48317,0.468,0.818,0.61825,1,0,0.396666667,0.028351532,0.04,0.05
 Mason,48319,0.539,0.618,0.95025,0.738360519,0.05,0.396666667,0.032257148,0.04,0.05
 Matagorda,48321,0.982,0.987,0.41875,0.557412793,0.05,0.396666667,0.036239393,0.04,0.05
 Maverick,48323,0.702,0.075,0.57125,0.852933005,0.15,0.396666667,0.025849723,0.04,0.05
 Medina,48325,0.874,0.835,0.41425,0.722869479,0.05,0.396666667,0.038616333,0.04,0.05
 Menard,48327,0.805,0.798,1,0.852045395,0.05,0.396666667,0.027771942,0.04,0.05
 Midland,48329,0.46,0.398,0.25425,1,0,0.396666667,0.025181579,0.04,0.05
 Milam,48331,0.828,0.769,0.824,0.554761742,0.05,0.396666667,0.041948542,0.04,0.05
 Mills,48333,0.64,0.528,1,0.737865671,0.05,0.396666667,0.038238983,0.04,0.05
 Mitchell,48335,0.692,0.87,0.3425,1,0,0.396666667,0.023656899,0.04,0.05
 Montague,48337,0.779,0.703,0.4005,0.703721404,0.05,0.396666667,0.038990032,0.04,0.05
 Montgomery,48339,0.277,0.633,0.03,0.460533687,0.05,0.396666667,0.071570079,0.04,0.05
 Moore,48341,0.685,0.394,0.3655,1,0.15,0.396666667,0.026824402,0.04,0.05
 Morris,48343,0.815,0.484,0.76775,0.370593349,0.15,0.396666667,0.039603379,0.04,0.05
 Motley,48345,0.851,0.351,1,1,0.15,0.396666667,0.020932187,0.04,0.95
 Nacogdoches,48347,0.769,0.434,0.407,0.413937544,0.05,0.396666667,0.041440968,0.04,0.05
 Navarro,48349,0.737,0.781,0.5975,0.522308978,0.05,0.396666667,0.038438318,0.04,0.05
 Newton,48351,0.898,0.938,0.52225,0.338770624,0.05,0.396666667,0.041502393,0.04,0.05
 Nolan,48353,0.717,0.413,0.3845,0.871375595,0.05,0.396666667,0.024891991,0.04,0.05
 Nueces,48355,0.705,0.938,0.02925,0.701187309,0.05,0.396666667,0.034076857,0.04,0.05
 Ochiltree,48357,0.491,0.074,0.35575,1,0,0.396666667,0.027237611,0.04,0.05
 Oldham,48359,0.442,0.55,1,1,0.15,0.396666667,0.020314582,0.04,0.05
 Orange,48361,0.793,0.996,0.351,0.359872239,0,0.396666667,0.039563776,0.04,0.05
 Palo Pinto,48363,0.715,0.475,0.21425,0.794710659,0.05,0.396666667,0.033531963,0.04,0.05
 Panola,48365,0.706,0.698,0.29025,0.457524261,0.05,0.396666667,0.03502401,0.04,0.05
 Parker,48367,0.505,0.671,0.31725,0.700254285,0.05,0.396666667,0.051998016,0.04,0.05
 Parmer,48369,0.784,0.212,0.80875,1,0.1,0.396666667,0.025437079,0.04,0.05
 Pecos,48371,0.615,0.83,0.31725,0.978152918,0,0.396666667,0.021486533,0.04,0.05
 Polk,48373,0.901,0.733,0.5005,0.437957636,0.05,0.396666667,0.040002155,0.04,0.05
 Potter,48375,0.689,0.139,0.0975,1,0.15,0.396666667,0.021839314,0.04,0.05
 Presidio,48377,0.956,0.69,0.9575,0.883410113,0.15,0.396666667,0.020477908,0.04,0.05
 Rains,48379,0.664,0.352,0.93825,0.496300566,0.05,0.396666667,0.047127056,0.04,0.95
 Randall,48381,0.287,0.11,0.36375,1,0.15,0.396666667,0.026839008,0.04,0.05
 Reagan,48383,0.637,0.744,0.63725,1,0.05,0.396666667,0.022124574,0.04,0.05
 Real,48385,0.948,0.892,1,0.748334019,0.15,0.396666667,0.027954793,0.04,0.95
 Red River,48387,0.872,0.828,0.781,0.418037172,0.05,0.396666667,0.036492649,0.04,0.05
 Reeves,48389,0.575,0.07,0.303,1,0,0.396666667,0.022649756,0.04,0.05
 Refugio,48391,0.883,0.999,0.422,0.628641275,0.05,0.396666667,0.031476196,0.04,0.05
 Roberts,48393,0.391,0.814,0.81425,1,0.05,0.396666667,0.019295476,0.04,0.05
 Robertson,48395,0.802,0.628,0.21225,0.661545784,0.05,0.396666667,0.037036311,0.04,0.05
 Rockwall,48397,0.114,0.082,0.602,0.452532568,0.05,0.396666667,0.053743686,0.04,0.95
 Runnels,48399,0.658,0.705,0.712,0.926355582,0.15,0.396666667,0.027842411,0.04,0.05
 Rusk,48401,0.809,0.667,0.06775,0.446307025,0.05,0.396666667,0.03868731,0.04,0.05
 Sabine,48403,0.909,0.596,0.73125,0.331297279,0.05,0.396666667,0.042292808,0.04,0.95
 San Augustine,48405,0.914,0.587,0.5625,0.346928524,0.15,0.396666667,0.041222881,0.04,0.95
 San Jacinto,48407,0.964,0.848,0.783,0.490131605,0.05,0.396666667,0.04355283,0.04,0.05
 San Patricio,48409,0.865,0.962,0.1015,0.710505822,0.05,0.396666667,0.036438912,0.04,0.05
 San Saba,48411,0.906,0.736,1,0.838181955,0.05,0.396666667,0.034477035,0.04,0.05
 Schleicher,48413,0.66,0.792,0.42675,0.910399841,0.05,0.396666667,0.024797344,0.04,0.05
 Scurry,48415,0.801,0.884,0.38125,0.864214774,0,0.396666667,0.022388705,0.04,0.05
 Shackelford,48417,0.769,0.718,0.5365,0.816944002,0.15,0.396666667,0.027179996,0.04,0.05
 Shelby,48419,0.89,0.693,0.355,0.395363328,0.05,0.396666667,0.037478112,0.04,0.05
 Sherman,48421,0.443,0.486,1,1,0.15,0.396666667,0.026449217,0.04,0.05
 Smith,48423,0.37,0.279,0.3155,0.414843288,0.05,0.396666667,0.052976168,0.04,0.05
 Somervell,48425,0.566,0.528,0.59375,0.794925829,0.05,0.396666667,0.043458243,0.04,0.05
 Starr,48427,0.963,0.356,0.47975,0.822842376,0.15,0.396666667,0.029951364,0.04,0.05
 Stephens,48429,0.916,0.452,0.4215,0.744143585,0.05,0.396666667,0.033309157,0.04,0.05
 Sterling,48431,0.522,0.652,0.78175,0.906203496,0.05,0.396666667,0.021559369,0.04,0.05
 Stonewall,48433,0.719,0.62,0.89175,1,0.1,0.396666667,0.023838433,0.04,0.95
 Sutton,48435,0.704,0.851,0.51175,0.919064828,0.15,0.396666667,0.02229222,0.04,0.05
 Swisher,48437,0.69,0.356,0.9525,1,0.15,0.396666667,0.023656899,0.04,0.05
 Tarrant,48439,0.191,0.24,0.01875,0.490427389,0.05,0.396666667,0.051433442,0.04,0.05
 Taylor,48441,0.596,0.353,0.10775,0.845446034,0.15,0.396666667,0.035308197,0.04,0.05
 Terrell,48443,0.553,0.655,1,0.904134035,0.1,0.396666667,0.022248226,0.04,0.95
 Terry,48445,0.78,0.101,0.75325,1,0,0.396666667,0.024773626,0.04,0.05
 Throckmorton,48447,0.661,0.74,0.77225,0.802545784,0.05,0.396666667,0.029576093,0.04,0.95
 Titus,48449,0.621,0.392,0.92775,0.466779285,0.05,0.396666667,0.036471164,0.04,0.05
 Tom Green,48451,0.527,0.259,0.3005,0.919229654,0.05,0.396666667,0.029833367,0.04,0.05
 Travis,48453,0.087,0.234,0.042,0.682610395,0.05,0.396666667,0.052850254,0.04,0.05
 Trinity,48455,0.883,0.733,0.64525,0.549662347,0.05,0.396666667,0.035776825,0.04,0.05
 Tyler,48457,0.865,0.815,0.44475,0.343267241,0.05,0.396666667,0.042560691,0.04,0.05
 Upshur,48459,0.786,0.643,0.21125,0.36361245,0.05,0.396666667,0.044452391,0.04,0.05
 Upton,48461,0.649,0.727,0.32025,0.929931604,0,0.396666667,0.022770555,0.04,0.05
 Uvalde,48463,0.959,0.37,0.46875,0.712572445,0.05,0.396666667,0.029074937,0.04,0.05
 Val Verde,48465,0.77,0.387,0.517,0.82736417,0.15,0.396666667,0.019796741,0.04,0.05
 Van Zandt,48467,0.753,0.534,0.392,0.468703972,0.05,0.396666667,0.043082366,0.04,0.05
 Victoria,48469,0.686,0.885,0.06475,0.6044333,0.05,0.396666667,0.038575717,0.04,0.05
 Walker,48471,0.735,0.755,0.347,0.506399629,0.05,0.396666667,0.04447002,0.04,0.05
 Waller,48473,0.793,0.723,0.38075,0.520978266,0.05,0.396666667,0.04758224,0.04,0.05
 Ward,48475,0.55,0.077,0.0805,0.926307278,0,0.396666667,0.02616617,0.04,0.05
 Washington,48477,0.678,0.667,0.39675,0.558429501,0.05,0.396666667,0.042671048,0.04,0.05
 Webb,48479,0.601,0.059,0.3055,0.861237432,0.05,0.396666667,0.026188627,0.04,0.05
 Wharton,48481,0.907,0.909,0.0945,0.52546516,0,0.396666667,0.039908973,0.04,0.05
 Wheeler,48483,0.732,0.793,0.453,1,0.05,0.396666667,0.023196848,0.04,0.05
 Wichita,48485,0.639,0.217,0.34775,0.811502211,0.05,0.396666667,0.028578706,0.04,0.05
 Wilbarger,48487,0.697,0.187,0.69325,0.834631495,0.05,0.396666667,0.029061454,0.04,0.05
 Willacy,48489,0.983,0.94,0.80175,1,0.15,0.396666667,0.03306115,0.04,0.05
 Williamson,48491,0.113,0.262,0.3015,0.505971076,0.05,0.396666667,0.043435692,0.04,0.05
 Wilson,48493,0.71,0.726,0.37775,0.669568465,0.05,0.396666667,0.041859693,0.04,0.95
 Winkler,48495,0.619,0.08,0.32725,0.92483315,0,0.396666667,0.024407062,0.04,0.05
 Wise,48497,0.547,0.862,0.08625,0.675581594,0.05,0.396666667,0.049527474,0.04,0.05
 Wood,48499,0.714,0.668,0.1605,0.493184616,0.05,0.396666667,0.045982166,0.04,0.05
 Yoakum,48501,0.7,0.601,0.375,1,0,0.396666667,0.025088025,0.04,0.05
 Young,48503,0.809,0.784,0.20375,0.846480296,0.05,0.396666667,0.031276345,0.04,0.05
 Zapata,48505,0.845,0.284,0.5655,0.863974603,0.15,0.396666667,0.024797344,0.04,0.05
 Zavala,48507,0.987,0.745,0.59725,0.861972702,0.05,0.396666667,0.029068196,0.04,0.05
 Beaver,49001,0.368,0.374,1,0.722016671,0.95,0.544,0.038484172,0.32,0.05
 Box Elder,49003,0.025,0.114,0.28525,0.813173518,0.95,0.544,0.031270079,0.32,0.05
 Cache,49005,0.041,0.109,0.5715,0.514375487,0.95,0.544,0.054647612,0.32,0.05
 Carbon,49007,0.208,0.025,0.71775,0.68423772,0.95,0.544,0.032025474,0.32,0.05
 Daggett,49009,0.042,0.523,0.8685,0.642765772,0.1,0.544,0.037608598,0.32,0.95
 Davis,49011,0.001,0.426,0.101,0.743037245,0.95,0.544,0.075331737,0.32,0.05
 Duchesne,49013,0.156,0.486,0.13025,0.597620337,0.15,0.544,0.025421667,0.32,0.95
 Emery,49015,0.064,0.667,0.72175,0.757880791,0.95,0.544,0.049764298,0.32,0.05
 Garfield,49017,0.296,0.794,0.73725,0.770539444,0.95,0.544,0.041516556,0.32,0.95
 Grand,49019,0.269,0.774,0.759,0.775945105,0.95,0.544,0.020857161,0.32,0.05
 Iron,49021,0.321,0.618,0.7805,0.760827861,0.95,0.544,0.037168348,0.32,0.05
 Juab,49023,0.153,0.525,0.8885,0.814909972,0.95,0.544,0.032202428,0.32,0.05
 Kane,49025,0.098,0.798,0.89075,0.762697673,0.95,0.544,0.041878414,0.32,0.95
 Millard,49027,0.233,0.47,0.9125,0.808122875,0.95,0.544,0.036147353,0.32,0.05
 Morgan,49029,0.055,0.37,0.78125,0.575009977,0.95,0.544,0.033073002,0.32,0.05
 Piute,49031,0.461,0.421,1,0.685362157,0.95,0.544,0.039692342,0.32,0.05
 Rich,49033,0.117,0.565,1,0.645213249,0.95,0.544,0.023846652,0.32,0.05
 Salt Lake,49035,0.01,0.046,0.02825,0.529321169,0.95,0.544,0.074054102,0.32,0.05
 San Juan,49037,0.51,0.589,0.71075,0.769368959,0.2,0.544,0.017121606,0.32,0.95
 Sanpete,49039,0.418,0.507,0.59975,0.656105147,0.95,0.544,0.044319947,0.32,0.95
 Sevier,49041,0.276,0.483,0.72025,0.706848045,0.95,0.544,0.045794274,0.32,0.05
 Summit,49043,0.024,0.208,0.47025,0.453698857,0.15,0.544,0.041222881,0.32,0.05
 Tooele,49045,0.062,0.205,0.673,0.785219383,0.95,0.544,0.036754824,0.32,0.05
 Uintah,49047,0.313,0.12,0.119,0.75954636,0.1,0.544,0.018791269,0.32,0.95
 Utah,49049,0.005,0.03,0.14075,0.684120945,0.95,0.544,0.076937787,0.32,0.05
 Wasatch,49051,0.082,0.209,0.42025,0.545429781,0.15,0.544,0.059258098,0.32,0.95
 Washington,49053,0.283,0.262,0.3595,0.766504349,0.95,0.544,0.058338279,0.32,0.05
 Wayne,49055,0.134,0.642,0.94575,0.799176295,0.95,0.544,0.063568812,0.32,0.95
 Weber,49057,0.03,0.055,0.409,0.543107937,0.95,0.544,0.085548496,0.32,0.05
 Addison,50001,0.072,0.727,0.73975,0,0.95,0.334666667,0.0387531,0.76,0.05
 Bennington,50003,0.11,0.822,0.77675,0,0.95,0.334666667,0.040460006,0.76,0.05
 Caledonia,50005,0.269,0.766,0.72875,0,0.95,0.334666667,0.036476536,0.76,0.05
 Chittenden,50007,0.02,0.435,0.1255,0.012752364,0.95,0.334666667,0.049412602,0.76,0.05
 Essex,50009,0.337,0.649,1,0,0.95,0.334666667,0.030392995,0.76,0.05
 Franklin,50011,0.198,0.63,0.81625,0.001717279,0.95,0.334666667,0.039125493,0.76,0.05
 Grand Isle,50013,0.043,0.152,1,0.021614976,0.95,0.334666667,0.054016452,0.76,0.05
 Lamoille,50015,0.197,0.729,0.72675,0.001717279,0.95,0.334666667,0.037078614,0.76,0.05
 Orange,50017,0.124,0.707,0.696,0.098124353,0.95,0.334666667,0.041672022,0.76,0.05
 Orleans,50019,0.343,0.715,0.778,0,0.95,0.334666667,0.038402616,0.76,0.05
 Rutland,50021,0.164,0.81,0.623,0,0.95,0.334666667,0.036465791,0.76,0.05
 Washington,50023,0.118,0.762,0.4415,0,0.95,0.334666667,0.044518465,0.76,0.05
 Windham,50025,0.108,0.814,0.50175,0,0.95,0.334666667,0.044891047,0.76,0.05
 Windsor,50027,0.127,0.773,0.45375,0,0.95,0.334666667,0.043656191,0.76,0.05
 Accomack,51001,0.722,0.972,0.7205,0.443844573,0.95,0.6005,0.044465613,0.08,0.95
 Albemarle,51003,0.083,0.896,0.43875,0.206937676,0.95,0.6005,0.059548387,0.08,0.05
 Alleghany,51005,0.578,0.715,0.93525,0.191501536,0.95,0.6005,0.035924404,0.08,0.95
 Amelia,51007,0.644,0.427,1,0.359840378,0.95,0.6005,0.041070485,0.08,0.95
 Amherst,51009,0.401,0.719,1,0.193205092,0.95,0.6005,0.047656311,0.08,0.05
 Appomattox,51011,0.583,0.841,0.93525,0.287131049,0.95,0.6005,0.037514694,0.08,0.95
 Arlington,51013,0,0.825,0.1195,0.194273832,0.95,0.6005,0.242459571,0.08,0.05
 Augusta,51015,0.408,0.907,0.6625,0.226665926,0.95,0.6005,0.054554302,0.08,0.05
 Bath,51017,0.709,0.855,0.68975,0.133547911,0.95,0.6005,0.04111817,0.08,0.95
 Bedford,51019,0.318,0.865,0.7195,0.265476988,0.95,0.6005,0.046591789,0.08,0.05
 Bland,51021,0.503,0.678,0.852,0.094991243,0.95,0.6005,0.033996256,0.08,0.95
 Botetourt,51023,0.334,0.838,0.85975,0.180283811,0.95,0.6005,0.046245628,0.08,0.05
 Brunswick,51025,0.765,0.307,1,0.316001059,0.95,0.6005,0.032823212,0.08,0.05
 Buchanan,51027,0.885,0.825,0.525,0.118247588,0.15,0.6005,0.041948542,0.08,0.95
 Buckingham,51029,0.766,0.869,0.91975,0.308771092,0.95,0.6005,0.041525994,0.08,0.95
 Campbell,51031,0.272,0.821,0.90775,0.297983978,0.95,0.6005,0.037852694,0.08,0.05
 Caroline,51033,0.386,0.893,0.7225,0.258534193,0.95,0.6005,0.042963945,0.08,0.05
 Carroll,51035,0.693,0.817,0.67275,0.078636759,0.95,0.6005,0.038924642,0.08,0.95
 Charles City,51036,0.552,0.951,0.95225,0.215832187,0.95,0.6005,0.040672548,0.08,0.05
 Charlotte,51037,0.86,0.851,1,0.350996558,0.95,0.6005,0.035540526,0.08,0.95
 Chesterfield,51041,0.057,0.934,0.362,0.323719192,0.95,0.6005,0.05646758,0.08,0.05
 Clarke,51043,0.217,0.886,0.94725,0.263155212,0.95,0.6005,0.061369897,0.08,0.05
 Craig,51045,0.521,0.563,1,0.151386758,0.95,0.6005,0.040662911,0.08,0.95
 Culpeper,51047,0.48,0.908,0.77875,0.166639623,0.95,0.6005,0.055842954,0.08,0.05
 Cumberland,51049,0.771,0.525,0.92375,0.336065534,0.95,0.6005,0.042817747,0.08,0.95
 Dickenson,51051,0.882,0.765,0.62575,0.125819074,0.15,0.6005,0.031994866,0.08,0.95
 Dinwiddie,51053,0.587,0.26,0.88125,0.319327961,0.95,0.6005,0.036174448,0.08,0.05
 Essex,51057,0.783,0.964,1,0.261815043,0.95,0.6005,0.040821629,0.08,0.95
 Fairfax,51059,0.008,0.922,0.05375,0.124757884,0.95,0.6005,0.082801511,0.08,0.05
 Fauquier,51061,0.127,0.889,0.67725,0.204054111,0.95,0.6005,0.055860496,0.08,0.05
 Floyd,51063,0.529,0.728,1,0.113538324,0.95,0.6005,0.042083793,0.08,0.95
 Fluvanna,51065,0.305,0.538,0.85875,0.304323056,0.95,0.6005,0.043888978,0.08,0.95
 Franklin,51067,0.577,0.869,0.68975,0.190197143,0.95,0.6005,0.041878414,0.08,0.05
 Frederick,51069,0.333,0.9,0.696,0.273541307,0.95,0.6005,0.055505063,0.08,0.05
 Giles,51071,0.482,0.662,0.57075,0.14127415,0.95,0.6005,0.0379251,0.08,0.95
 Gloucester,51073,0.407,0.936,0.85775,0.309280105,0.95,0.6005,0.048705616,0.08,0.95
 Goochland,51075,0.079,0.34,0.8205,0.326291065,0.95,0.6005,0.052894729,0.08,0.05
 Grayson,51077,0.759,0.858,0.78375,0.007799269,0.95,0.6005,0.042794858,0.08,0.95
 Greene,51079,0.475,0.909,0.96025,0.154529993,0.95,0.6005,0.057044164,0.08,0.05
 Greensville,51081,0.674,0.388,0.91425,0.271317076,0.95,0.6005,0.03348518,0.08,0.05
 Halifax,51083,0.632,0.861,0.60375,0.289530478,0.95,0.6005,0.035407953,0.08,0.05
 Hanover,51085,0.017,0.95,0.4525,0.313090342,0.95,0.6005,0.05146772,0.08,0.05
 Henrico,51087,0.052,0.921,0.14225,0.21679814,0.95,0.6005,0.055111795,0.08,0.05
 Henry,51089,0.711,0.591,0.70225,0.177585144,0.95,0.6005,0.034442916,0.08,0.05
 Highland,51091,0.516,0.834,1,0.089903849,0.95,0.6005,0.036406632,0.08,0.95
 Isle of Wight,51093,0.492,0.951,0.89375,0.288961763,0.95,0.6005,0.038979979,0.08,0.05
 James City,51095,0.286,0.931,0.72725,0.22449303,0.95,0.6005,0.064802206,0.08,0.05
 King and Queen,51097,0.677,0.976,1,0.243737547,0.95,0.6005,0.036824067,0.08,0.95
 King George,51099,0.174,0.961,0.86225,0.243087181,0.95,0.6005,0.049491853,0.08,0.95
 King William,51101,0.369,0.963,0.93625,0.292362165,0.95,0.6005,0.040585733,0.08,0.95
 Lancaster,51103,0.658,0.96,0.7825,0.357051022,0.95,0.6005,0.045368671,0.08,0.95
 Lee,51105,0.907,0.588,0.73575,0.108195064,0.15,0.6005,0.03717362,0.08,0.05
 Loudoun,51107,0.013,0.779,0.139,0.196111044,0.95,0.6005,0.069362086,0.08,0.05
 Louisa,51109,0.442,0.665,0.813,0.315568274,0.95,0.6005,0.046952094,0.08,0.05
 Lunenburg,51111,0.885,0.377,1,0.324560974,0.95,0.6005,0.038203094,0.08,0.95
 Madison,51113,0.613,0.926,1,0.124189039,0.95,0.6005,0.052354801,0.08,0.05
 Mathews,51115,0.461,0.943,0.9345,0.353470207,0.95,0.6005,0.050238497,0.08,0.95
 Mecklenburg,51117,0.725,0.373,0.84575,0.335385682,0.95,0.6005,0.035787777,0.08,0.05
 Middlesex,51119,0.607,0.95,0.92275,0.245453553,0.95,0.6005,0.039795881,0.08,0.95
 Montgomery,51121,0.164,0.46,0.7,0.179029731,0.95,0.6005,0.047442013,0.08,0.05
 Nelson,51125,0.53,0.912,0.87325,0.141941338,0.95,0.6005,0.046705207,0.08,0.05
 New Kent,51127,0.159,0.956,0.71975,0.259767223,0.95,0.6005,0.046431694,0.08,0.05
 Northampton,51131,0.876,0.944,0.78325,0.533811973,0.95,0.6005,0.043123283,0.08,0.95
 Northumberland,51133,0.665,0.972,1,0.428669425,0.95,0.6005,0.039045277,0.08,0.95
 Nottoway,51135,0.787,0.303,0.948,0.344146367,0.95,0.6005,0.041714322,0.08,0.95
 Orange,51137,0.549,0.876,0.8915,0.233237542,0.95,0.6005,0.050901113,0.08,0.95
 Page,51139,0.864,0.903,0.70975,0.200921689,0.95,0.6005,0.058849954,0.08,0.95
 Patrick,51141,0.852,0.826,0.7125,0.083602236,0.95,0.6005,0.039240517,0.08,0.95
 Pittsylvania,51143,0.644,0.799,0.66025,0.22889266,0.95,0.6005,0.035396883,0.08,0.05
 Powhatan,51145,0.124,0.432,0.89875,0.339299586,0.95,0.6005,0.050920358,0.08,0.95
 Prince Edward,51147,0.594,0.306,0.896,0.297395582,0.95,0.6005,0.039697279,0.08,0.95
 Prince George,51149,0.292,0.923,0.69275,0.261134171,0.95,0.6005,0.040508409,0.08,0.05
 Prince William,51153,0.083,0.984,0.12425,0.245499653,0.95,0.6005,0.069531386,0.08,0.05
 Pulaski,51155,0.639,0.651,0.4595,0.157556775,0.95,0.6005,0.039474523,0.08,0.05
 Rappahannock,51157,0.485,0.914,1,0.165873197,0.95,0.6005,0.054088957,0.08,0.95
 Richmond,51159,0.763,0.994,0.9415,0.346381995,0.95,0.6005,0.037268384,0.08,0.95
 Roanoke,51161,0.062,0.221,0.175,0.189079806,0.95,0.6005,0.051911268,0.08,0.05
 Rockbridge,51163,0.616,0.906,0.91875,0.190762461,0.95,0.6005,0.04752455,0.08,0.05
 Rockingham,51165,0.511,0.897,0.85875,0.207861926,0.95,0.6005,0.061117128,0.08,0.05
 Russell,51167,0.728,0.76,0.459,0.163685304,0.95,0.6005,0.036401249,0.08,0.95
 Scott,51169,0.748,0.732,0.528,0.164925435,0.95,0.6005,0.037561675,0.08,0.05
 Shenandoah,51171,0.518,0.91,0.84475,0.265552367,0.95,0.6005,0.053612265,0.08,0.05
 Smyth,51173,0.79,0.783,0.45475,0.084639553,0.95,0.6005,0.039449695,0.08,0.05
 Southampton,51175,0.576,0.913,0.7895,0.311883546,0.95,0.6005,0.037655462,0.08,0.05
 Spotsylvania,51177,0.161,0.908,0.66775,0.295906026,0.95,0.6005,0.055072669,0.08,0.05
 Stafford,51179,0.152,0.982,0.67575,0.312022716,0.95,0.6005,0.081272795,0.08,0.05
 Surry,51181,0.548,0.959,0.876,0.251095869,0.95,0.6005,0.033996256,0.08,0.95
 Sussex,51183,0.685,0.423,0.92825,0.31467796,0.95,0.6005,0.03348518,0.08,0.05
 Tazewell,51185,0.794,0.875,0.44775,0.087815377,0.95,0.6005,0.036972766,0.08,0.95
 Warren,51187,0.452,0.889,0.7065,0.257209134,0.95,0.6005,0.05716084,0.08,0.95
 Washington,51191,0.664,0.548,0.422,0.124763867,0.95,0.6005,0.046935397,0.08,0.05
 Westmoreland,51193,0.666,0.979,1,0.286950489,0.95,0.6005,0.047408958,0.08,0.95
 Wise,51195,0.942,0.703,0.434,0.11889625,0.15,0.6005,0.037930267,0.08,0.95
 Wythe,51197,0.603,0.691,0.88125,0.154822605,0.95,0.6005,0.04097495,0.08,0.05
 York,51199,0.049,0.93,0.729,0.276925155,0.95,0.6005,0.080229331,0.08,0.05
 Alexandria,51510,0.02,0.922,0.2095,0.059201607,0.95,0.6005,0.053210006,0.08,0.95
 Bristol,51520,0.599,0.019,0.9535,0.226913538,0.95,0.6005,0.053210006,0.08,0.05
 Buena Vista,51530,0.721,0.51,0.9455,0.19693046,0.95,0.6005,0.053210006,0.08,0.95
 Charlottesville,51540,0.035,0.351,0.666,0.199310305,0.95,0.6005,0.053210006,0.08,0.05
 Chesapeake,51550,0.16,0.937,0.15775,0.227029876,0.95,0.6005,0.053210006,0.08,0.05
 Colonial Heights,51570,0.348,0.88,1,0.353064665,0.95,0.6005,0.053210006,0.08,0.05
 Covington,51580,0.618,0.167,0.91675,0.180416972,0.95,0.6005,0.053210006,0.08,0.95
 Danville,51590,0.703,0.103,0.65875,0.204655807,0.95,0.6005,0.053210006,0.08,0.05
 Emporia,51595,0.524,0.1,0.911,0.314395431,0.95,0.6005,0.053210006,0.08,0.05
 Fairfax,51600,0.028,0.278,0.78575,0.11894619,0.95,0.6005,0.082801511,0.08,0.05
 Falls Church,51610,0.022,0.024,0.8655,0.060528346,0.95,0.6005,0.053210006,0.08,0.05
 Franklin,51620,0.632,0.585,0.95475,0.287870267,0.95,0.6005,0.041878414,0.08,0.95
 Fredericksburg,51630,0.089,0.896,0.80725,0.179444759,0.95,0.6005,0.053210006,0.08,0.05
 Galax,51640,0.835,0.072,0.86975,0.094158646,0.95,0.6005,0.053210006,0.08,0.95
 Hampton,51650,0.406,0.92,0.4385,0.121010391,0.95,0.6005,0.053210006,0.08,0.05
 Harrisonburg,51660,0.118,0.466,0.86875,0.118970448,0.95,0.6005,0.053210006,0.08,0.05
 Hopewell,51670,0.676,0.904,1,0.275598577,0.95,0.6005,0.053210006,0.08,0.95
 Lexington,51678,0.275,0.317,1,0.197196162,0.95,0.6005,0.053210006,0.08,0.95
 Lynchburg,51680,0.26,0.085,0.41,0.206479832,0.95,0.6005,0.053210006,0.08,0.05
 Manassas,51683,0.149,0.27,0.56125,0.213279623,0.95,0.6005,0.053210006,0.08,0.95
 Manassas Park,51685,0.271,0.181,1,0.148657296,0.95,0.6005,0.053210006,0.08,0.95
 Martinsville,51690,0.713,0.08,0.90075,0.14745684,0.95,0.6005,0.053210006,0.08,0.05
 Newport News,51700,0.413,0.921,0.43525,0.195693772,0.95,0.6005,0.053210006,0.08,0.05
 Norfolk,51710,0.292,0.916,0.37825,0.193653342,0.95,0.6005,0.053210006,0.08,0.95
 Norton,51720,0.75,0.362,0.52925,0.118566649,0.15,0.6005,0.053210006,0.08,0.95
 Petersburg,51730,0.697,0.865,0.8585,0.319217664,0.95,0.6005,0.053210006,0.08,0.05
 Poquoson,51735,0.235,0.915,1,0.265991234,0.95,0.6005,0.053210006,0.08,0.95
 Portsmouth,51740,0.463,0.917,0.75175,0.146786233,0.95,0.6005,0.053210006,0.08,0.05
 Radford,51750,0.2,0.013,1,0.078125896,0.95,0.6005,0.053210006,0.08,0.05
 Richmond,51760,0.255,0.91,0.136,0.211181906,0.95,0.6005,0.037268384,0.08,0.05
 Roanoke,51770,0.559,0.414,0.3825,0.149806686,0.95,0.6005,0.051911268,0.08,0.05
 Salem,51775,0.19,0.321,0.8775,0.190432531,0.95,0.6005,0.053210006,0.08,0.05
 Staunton,51790,0.38,0.577,0.83875,0.208778179,0.95,0.6005,0.053210006,0.08,0.95
 Suffolk,51800,0.46,0.939,0.509,0.290338875,0.95,0.6005,0.053210006,0.08,0.05
 Virginia Beach,51810,0.116,0.924,0.133,0.253859715,0.95,0.6005,0.053210006,0.08,0.05
 Waynesboro,51820,0.474,0.504,0.83875,0.188122933,0.95,0.6005,0.053210006,0.08,0.95
 Williamsburg,51830,0.287,0.89,0.8695,0.168734713,0.95,0.6005,0.053210006,0.08,0.95
 Winchester,51840,0.174,0.275,1,0.136116279,0.95,0.6005,0.053210006,0.08,0.05
 Adams,53001,0.544,0.026,0.90325,0.761376844,0.95,0.497,0.028912732,0.28,0.05
 Asotin,53003,0.2,0.003,0.901,0.475273525,0.95,0.497,0.026707264,0.28,0.95
 Benton,53005,0.069,0.013,0.63375,0.558281057,0.95,0.497,0.040343602,0.28,0.05
 Chelan,53007,0.264,0.453,0.88075,0,0.95,0.497,0.086050948,0.28,0.95
 Clallam,53009,0.533,0.352,0.85525,0,0.95,0.497,0.087089912,0.28,0.95
 Clark,53011,0.043,0.371,0.6015,0,0.95,0.497,0.085733832,0.28,0.05
 Columbia,53013,0.516,0.315,0.82775,0.310028374,0.95,0.497,0.029892424,0.28,0.95
 Cowlitz,53015,0.318,0.584,0.57075,0,0.95,0.497,0.065130977,0.28,0.05
 Douglas,53017,0.163,0.043,0.7985,0.423982292,0.95,0.497,0.033031502,0.28,0.95
 Ferry,53019,0.641,0.6,0.934,0.379488376,0.95,0.497,0.019081019,0.28,0.95
 Franklin,53021,0.377,0.001,0.4105,1,0.95,0.497,0.045065315,0.28,0.95
 Garfield,53023,0.376,0.13,0.86275,0.482416847,0.95,0.497,0.026663205,0.28,0.95
 Grant,53025,0.547,0.022,0.85575,1,0.95,0.497,0.045212914,0.28,0.05
 Grays Harbor,53027,0.702,0.364,0.604,0,0.95,0.497,0.038218479,0.28,0.95
 Island,53029,0.154,0.269,0.932,0.142851751,0.95,0.497,0.079434038,0.28,0.95
 Jefferson,53031,0.261,0.304,0.81,0,0.95,0.497,0.072180775,0.28,0.05
 King,53033,0.015,0.01,0.04525,0,0.95,0.497,0.123179644,0.28,0.05
 Kitsap,53035,0.077,0.266,0.66475,0,0.95,0.497,0.140909137,0.28,0.05
 Kittitas,53037,0.137,0.356,0.7805,0.001662941,0.95,0.497,0.040989295,0.28,0.05
 Klickitat,53039,0.562,0.378,0.69625,0.264589139,0.95,0.497,0.031188507,0.28,0.95
 Lewis,53041,0.434,0,0.60175,0,0.95,0.497,0.060763419,0.28,0.05
 Lincoln,53043,0.128,0.297,0.81675,0.67555614,0.95,0.497,0.025064582,0.28,0.05
 Mason,53045,0.537,0.623,0.7865,0,0.95,0.497,0.055698897,0.28,0.95
 Okanogan,53047,0.687,0.779,0.836,0.342038912,0.95,0.497,0.027495386,0.28,0.95
 Pacific,53049,0.581,0.406,0.8765,0,0.95,0.497,0.045308163,0.28,0.95
 Pend Oreille,53051,0.437,0.016,1,0.184313741,0.95,0.497,0.036962164,0.28,0.95
 Pierce,53053,0.094,0.155,0.09775,0,0.95,0.497,0.105394176,0.28,0.05
 San Juan,53055,0.165,0.27,0.89075,0.210656128,0.95,0.497,0.069486279,0.28,0.95
 Skagit,53057,0.218,0.293,0.1255,0,0.95,0.497,0.074809682,0.28,0.05
 Skamania,53059,0.127,0.664,0.90475,0,0.95,0.497,0.07810059,0.28,0.95
 Snohomish,53061,0.031,0.013,0.18925,0,0.95,0.497,0.093640887,0.28,0.05
 Spokane,53063,0.081,0.006,0.122,0.425434759,0.95,0.497,0.044049417,0.28,0.05
 Stevens,53065,0.546,0.447,0.643,0.348806306,0.95,0.497,0.028094638,0.28,0.95
 Thurston,53067,0.049,0.191,0.46125,0,0.95,0.497,0.083327585,0.28,0.05
 Wahkiakum,53069,0.334,0.892,0.8665,0,0.95,0.497,0.050974206,0.28,0.95
 Walla Walla,53071,0.156,0.008,0.8495,0.528284069,0.95,0.497,0.038519799,0.28,0.95
 Whatcom,53073,0.166,0.251,0.1295,0,0.95,0.497,0.089578886,0.28,0.05
 Whitman,53075,0.131,0.054,0.86825,0.540207434,0.95,0.497,0.031476196,0.28,0.95
 Yakima,53077,0.496,0.211,0.66175,0.17607085,0.95,0.497,0.033019635,0.28,0.05
 Barbour,54001,0.716,0.394,0.67575,0,0.05,0.567333333,0.032366309,0.8,0.05
 Berkeley,54003,0.419,0.854,0.77925,0.255866749,0.15,0.567333333,0.052582619,0.8,0.05
 Boone,54005,0.79,0.705,0.9235,0.083033122,0.05,0.567333333,0.028885609,0.8,0.05
 Braxton,54007,0.683,0.334,0.626,0,0.05,0.567333333,0.026655854,0.8,0.05
 Brooke,54009,0.363,0.083,0.6765,0.190117406,0.05,0.567333333,0.039712085,0.8,0.95
 Cabell,54011,0.326,0.315,0.298,0.186498396,0.05,0.567333333,0.045862688,0.8,0.05
 Calhoun,54013,0.78,0.523,0.35325,0.120826255,0.05,0.567333333,0.026560115,0.8,0.05
 Clay,54015,0.811,0.601,0.74975,0,0.05,0.567333333,0.031915147,0.8,0.05
 Doddridge,54017,0.526,0.335,0.5505,0.163316745,0.05,0.567333333,0.031169653,0.8,0.05
 Fayette,54019,0.736,0.694,0.24325,0.098012748,0.05,0.567333333,0.040197623,0.8,0.05
 Gilmer,54021,0.699,0.503,0.486,0.044138091,0.05,0.567333333,0.028715512,0.8,0.05
 Grant,54023,0.715,0.89,0.829,0.103844121,0.15,0.567333333,0.03433465,0.8,0.05
 Greenbrier,54025,0.605,0.839,0.47125,0.047188485,0.05,0.567333333,0.036055078,0.8,0.05
 Hampshire,54027,0.876,0.906,0.81725,0.250197642,0.15,0.567333333,0.03814663,0.8,0.05
 Hancock,54029,0.398,0.052,0.5435,0.126116944,0.05,0.567333333,0.041022746,0.8,0.95
 Hardy,54031,0.622,0.903,0.8845,0.249435642,0.15,0.567333333,0.040629164,0.8,0.95
 Harrison,54033,0.261,0.315,0.30975,0.045176099,0.05,0.567333333,0.037015142,0.8,0.05
 Jackson,54035,0.489,0.573,0.3935,0.240697038,0.05,0.567333333,0.032043825,0.8,0.05
 Jefferson,54037,0.085,0.787,0.85125,0.278586294,0.15,0.567333333,0.052816874,0.8,0.95
 Kanawha,54039,0.321,0.639,0.06875,0.133494015,0.05,0.567333333,0.03901013,0.8,0.05
 Lewis,54041,0.633,0.351,0.323,0.053595724,0.05,0.567333333,0.032238918,0.8,0.05
 Lincoln,54043,0.736,0.796,0.5935,0.165893474,0.05,0.567333333,0.028017809,0.8,0.05
 Logan,54045,0.694,0.771,0.42175,0.102736491,0.05,0.567333333,0.034726215,0.8,0.05
 McDowell,54047,0.797,0.804,0.87875,0.073047735,0.05,0.567333333,0.039726885,0.8,0.05
 Marion,54049,0.403,0.187,0.1635,0.037093418,0.05,0.567333333,0.038884347,0.8,0.05
 Marshall,54051,0.402,0.131,0.316,0.140376838,0.05,0.567333333,0.037914765,0.8,0.95
 Mason,54053,0.661,0.583,0.84575,0.144072713,0.05,0.567333333,0.034128571,0.8,0.05
 Mercer,54055,0.709,0.78,0.54575,0.159710885,0.05,0.567333333,0.032727552,0.8,0.05
 Mineral,54057,0.601,0.781,0.87775,0.116388015,0.15,0.567333333,0.035590114,0.8,0.05
 Mingo,54059,0.778,0.746,0.79125,0.148643804,0.05,0.567333333,0.023095255,0.8,0.05
 Monongalia,54061,0.036,0.121,0.30675,0.026123791,0.05,0.567333333,0.048265088,0.8,0.05
 Monroe,54063,0.74,0.739,0.93125,0.248322769,0.15,0.567333333,0.037041602,0.8,0.05
 Morgan,54065,0.488,0.858,0.83625,0.254557504,0.15,0.567333333,0.04732622,0.8,0.95
 Nicholas,54067,0.706,0.623,0.2265,0,0.05,0.567333333,0.034664088,0.8,0.05
 Ohio,54069,0.122,0.042,0.3625,0.103522421,0.05,0.567333333,0.04180348,0.8,0.95
 Pendleton,54071,0.722,0.888,0.871,0.105057183,0.15,0.567333333,0.035208158,0.8,0.95
 Pleasants,54073,0.449,0.159,0.1755,0.122195069,0.05,0.567333333,0.035463252,0.8,0.05
 Pocahontas,54075,0.507,0.813,0.89925,0,0.05,0.567333333,0.034793864,0.8,0.95
 Preston,54077,0.566,0.782,0.3605,0,0.05,0.567333333,0.035512948,0.8,0.05
 Putnam,54079,0.132,0.658,0.76075,0.234499122,0.05,0.567333333,0.03588074,0.8,0.05
 Raleigh,54081,0.745,0.568,0.39325,0.155860275,0.05,0.567333333,0.040691815,0.8,0.05
 Randolph,54083,0.595,0.547,0.575,0,0.05,0.567333333,0.033037434,0.8,0.05
 Ritchie,54085,0.557,0.417,0.3575,0.195077168,0.05,0.567333333,0.03006238,0.8,0.05
 Roane,54087,0.879,0.662,0.3745,0.226663575,0.05,0.567333333,0.028392972,0.8,0.95
 Summers,54089,0.705,0.692,0.89875,0.142125512,0.05,0.567333333,0.032541411,0.8,0.05
 Taylor,54091,0.637,0.253,0.674,0.012479492,0.05,0.567333333,0.040542256,0.8,0.05
 Tucker,54093,0.366,0.737,0.86625,0,0.05,0.567333333,0.03941988,0.8,0.95
 Tyler,54095,0.391,0.389,0.626,0.200362008,0.05,0.567333333,0.033220796,0.8,0.05
 Upshur,54097,0.623,0.387,0.409,0,0.05,0.567333333,0.03549639,0.8,0.05
 Wayne,54099,0.518,0.734,0.63675,0.223275687,0.05,0.567333333,0.032190256,0.8,0.05
 Webster,54101,0.904,0.531,0.911,0,0.05,0.567333333,0.027715438,0.8,0.95
 Wetzel,54103,0.375,0.132,0.41525,0.153332111,0.05,0.567333333,0.029957905,0.8,0.05
 Wirt,54105,0.738,0.228,0.57425,0.148052889,0.05,0.567333333,0.032056053,0.8,0.05
 Wood,54107,0.157,0.102,0.11325,0.184154569,0.05,0.567333333,0.041003634,0.8,0.05
 Wyoming,54109,0.767,0.737,0.6145,0.050575279,0.05,0.567333333,0.039548914,0.8,0.05
 Adams,55001,0.483,0.575,0.91625,0.35617163,0.95,0.573666667,0.044947758,0.42,0.05
 Ashland,55003,0.315,0.164,0.902,0.269344392,0.95,0.573666667,0.035606628,0.42,0.95
 Barron,55005,0.405,0.06,0.81225,0.382121985,0.95,0.573666667,0.041222881,0.42,0.95
 Bayfield,55007,0.141,0.163,0.90675,0.317370597,0.95,0.573666667,0.033197193,0.42,0.95
 Brown,55009,0.018,0.066,0.327,0.340225425,0.95,0.573666667,0.059679869,0.42,0.05
 Buffalo,55011,0.29,0.284,1,0.384831507,0.95,0.573666667,0.044856113,0.42,0.95
 Burnett,55013,0.254,0.164,0.87575,0.41911976,0.95,0.573666667,0.037478112,0.42,0.95
 Calumet,55015,0.027,0.106,0.7375,0.367390905,0.95,0.573666667,0.056799745,0.42,0.05
 Chippewa,55017,0.237,0.144,0.4785,0.361009691,0.95,0.573666667,0.041170559,0.42,0.05
 Clark,55019,0.469,0.163,0.8905,0.292689948,0.95,0.573666667,0.044417111,0.42,0.05
 Columbia,55021,0.082,0.75,0.8615,0.365034488,0.95,0.573666667,0.054374408,0.42,0.05
 Crawford,55023,0.409,0.829,1,0.292266859,0.95,0.573666667,0.041967223,0.42,0.05
 Dane,55025,0.007,0.344,0.2905,0.275723743,0.95,0.573666667,0.060782766,0.42,0.05
 Dodge,55027,0.087,0.479,0.61375,0.3549542,0.15,0.573666667,0.053396182,0.42,0.05
 Door,55029,0.13,0.02,0.95175,0.44302052,0.95,0.573666667,0.047865556,0.42,0.95
 Douglas,55031,0.153,0.02,0.363,0.342854299,0.95,0.573666667,0.033291503,0.42,0.95
 Dunn,55033,0.203,0.111,0.7635,0.313102592,0.95,0.573666667,0.043839837,0.42,0.05
 Eau Claire,55035,0.029,0.018,0.63175,0.35043365,0.95,0.573666667,0.048866281,0.42,0.05
 Florence,55037,0.206,0.045,0.961,0.278221121,0.95,0.573666667,0.038254353,0.42,0.05
 Fond du Lac,55039,0.052,0.204,0.4495,0.37762962,0.15,0.573666667,0.055536828,0.42,0.05
 Forest,55041,0.422,0.036,1,0.267659336,0.95,0.573666667,0.04313237,0.42,0.95
 Grant,55043,0.34,0.837,0.84925,0.305147905,0.95,0.573666667,0.049713082,0.42,0.05
 Green,55045,0.193,0.609,0.93675,0.234046572,0.95,0.573666667,0.051964089,0.42,0.95
 Green Lake,55047,0.329,0.47,1,0.415107248,0.95,0.573666667,0.054823035,0.42,0.95
 Iowa,55049,0.229,0.669,0.87475,0.251912899,0.95,0.573666667,0.050054837,0.42,0.05
 Iron,55051,0.204,0.107,1,0.247472397,0.95,0.573666667,0.040016849,0.42,0.95
 Jackson,55053,0.456,0.557,0.79375,0.325305355,0.95,0.573666667,0.041351028,0.42,0.05
 Jefferson,55055,0.058,0.448,0.45475,0.331171752,0.15,0.573666667,0.055878033,0.42,0.05
 Juneau,55057,0.49,0.695,1,0.351770827,0.95,0.573666667,0.044004909,0.42,0.05
 Kenosha,55059,0.094,0.154,0.7175,0.301650201,0.15,0.573666667,0.058833303,0.42,0.05
 Kewaunee,55061,0.181,0.136,0.93075,0.39559561,0.15,0.573666667,0.054088957,0.42,0.95
 La Crosse,55063,0.05,0.118,0.66375,0.383210238,0.95,0.573666667,0.050576702,0.42,0.05
 Lafayette,55065,0.371,0.632,0.9445,0.288118346,0.95,0.573666667,0.054772971,0.42,0.05
 Langlade,55067,0.282,0.044,0.91875,0.260035535,0.95,0.573666667,0.039534047,0.42,0.95
 Lincoln,55069,0.187,0.034,0.937,0.23815803,0.95,0.573666667,0.038540142,0.42,0.95
 Manitowoc,55071,0.076,0.122,0.68175,0.348514456,0.15,0.573666667,0.05511535,0.42,0.05
 Marathon,55073,0.039,0.055,0.498,0.323398837,0.95,0.573666667,0.046747144,0.42,0.05
 Marinette,55075,0.345,0.065,0.77525,0.308047024,0.95,0.573666667,0.045039218,0.42,0.05
 Marquette,55077,0.377,0.477,0.92875,0.317397747,0.95,0.573666667,0.044531668,0.42,0.05
 Menominee,55078,0.606,0.05,1,0.23703694,0.95,0.573666667,0.053210006,0.42,0.95
 Milwaukee,55079,0.179,0.01,0.047,0.118995328,0.15,0.573666667,0.099992161,0.42,0.05
 Monroe,55081,0.257,0.582,0.88225,0.333671526,0.95,0.573666667,0.045316812,0.42,0.05
 Oconto,55083,0.307,0.059,0.8815,0.354546553,0.95,0.573666667,0.045862688,0.42,0.05
 Oneida,55085,0.091,0.032,0.9225,0.240371348,0.95,0.573666667,0.046650633,0.42,0.95
 Outagamie,55087,0.01,0.055,0.156,0.318521165,0.95,0.573666667,0.054428439,0.42,0.05
 Ozaukee,55089,0,0.176,0.54075,0.275758381,0.15,0.573666667,0.05615788,0.42,0.95
 Pepin,55091,0.383,0.109,1,0.342119306,0.95,0.573666667,0.046901985,0.42,0.95
 Pierce,55093,0.167,0.103,0.8775,0.37378229,0.95,0.573666667,0.047935101,0.42,0.05
 Polk,55095,0.269,0.153,0.741,0.363607472,0.95,0.573666667,0.042542271,0.42,0.95
 Portage,55097,0.06,0.041,0.678,0.349465863,0.95,0.573666667,0.043768262,0.42,0.05
 Price,55099,0.179,0.059,0.9265,0.249676393,0.95,0.573666667,0.034647125,0.42,0.95
 Racine,55101,0.059,0.11,0.636,0.315343693,0.15,0.573666667,0.061516601,0.42,0.05
 Richland,55103,0.495,0.764,0.95,0.255744883,0.95,0.573666667,0.043236735,0.42,0.05
 Rock,55105,0.146,0.224,0.3765,0.311456208,0.15,0.573666667,0.057577555,0.42,0.05
 Rusk,55107,0.407,0.072,0.7595,0.286511051,0.95,0.573666667,0.036498018,0.42,0.95
 St. Croix,55109,0.046,0.087,0.64625,0.409925227,0.95,0.573666667,0.053210006,0.42,0.05
 Sauk,55111,0.191,0.725,0.68725,0.277651713,0.95,0.573666667,0.049602591,0.42,0.05
 Sawyer,55113,0.375,0.065,0.934,0.307643867,0.95,0.573666667,0.036152774,0.42,0.95
 Shawano,55115,0.313,0.037,0.89775,0.277547393,0.95,0.573666667,0.048423169,0.42,0.05
 Sheboygan,55117,0.014,0.175,0.45025,0.379013088,0.15,0.573666667,0.057143697,0.42,0.05
 Taylor,55119,0.289,0.06,0.92875,0.258352735,0.95,0.573666667,0.038131216,0.42,0.95
 Trempealeau,55121,0.331,0.533,0.77925,0.271570464,0.95,0.573666667,0.043786167,0.42,0.05
 Vernon,55123,0.483,0.861,0.88775,0.246662985,0.95,0.573666667,0.045299512,0.42,0.05
 Vilas,55125,0.333,0.057,0.884,0.294425328,0.95,0.573666667,0.053210006,0.42,0.95
 Walworth,55127,0.051,0.146,0.76325,0.340372759,0.15,0.573666667,0.058589658,0.42,0.95
 Washburn,55129,0.19,0.069,0.95375,0.408083544,0.95,0.573666667,0.038803633,0.42,0.95
 Washington,55131,0.017,0.236,0.521,0.251882795,0.15,0.573666667,0.060924451,0.42,0.05
 Waukesha,55133,0,0.215,0.5385,0.219709975,0.15,0.573666667,0.058018301,0.42,0.05
 Waupaca,55135,0.291,0.079,0.8735,0.314874019,0.95,0.573666667,0.046893628,0.42,0.95
 Waushara,55137,0.412,0.484,0.894,0.358236984,0.95,0.573666667,0.043933603,0.42,0.95
 Winnebago,55139,0.022,0.045,0.599,0.383627272,0.95,0.573666667,0.058193664,0.42,0.05
 Wood,55141,0.126,0.081,0.6645,0.34887316,0.95,0.573666667,0.041606138,0.42,0.05
 Albany,56001,0.046,0.062,0.70025,0.599725745,0.05,0.402666667,0.020188794,0.62,0.05
 Big Horn,56003,0.341,0.462,0.92625,0.638839037,0.05,0.402666667,0.030107973,0.62,0.05
 Campbell,56005,0.249,0.279,0.06375,0.78638749,0,0.402666667,0.019386661,0.62,0.05
 Carbon,56007,0.398,0.405,0.1065,0.632850939,0,0.402666667,0.019507576,0.62,0.05
 Converse,56009,0.246,0.186,0.3055,0.71237655,0.05,0.402666667,0.016669279,0.62,0.05
 Crook,56011,0.225,0.82,0.65075,0.745669262,0.05,0.402666667,0.026382454,0.62,0.05
 Fremont,56013,0.312,0.596,0.3615,0.576151687,0,0.402666667,0.027158358,0.62,0.05
 Goshen,56015,0.439,0.697,0.88925,0.856219722,0.05,0.402666667,0.027078874,0.62,0.95
 Hot Springs,56017,0.195,0.268,0.71225,0.767267613,0.05,0.402666667,0.017959474,0.62,0.05
 Johnson,56019,0.253,0.795,0.67425,0.6816569,0,0.402666667,0.021367645,0.62,0.05
 Laramie,56021,0.112,0.408,0.30175,0.839788699,0.05,0.402666667,0.028017809,0.62,0.05
 Lincoln,56023,0.13,0.593,0.17475,0.422831758,0,0.402666667,0.039409937,0.62,0.05
 Natrona,56025,0.235,0.188,0.27225,0.762304814,0,0.402666667,0.017981283,0.62,0.05
 Niobrara,56027,0.255,0.657,0.717,0.798384751,0.05,0.402666667,0.017606861,0.62,0.95
 Park,56029,0.111,0.039,0.369,0.321966163,0.05,0.402666667,0.033373806,0.62,0.05
 Platte,56031,0.293,0.8,0.84225,0.747575936,0.05,0.402666667,0.020071982,0.62,0.05
 Sheridan,56033,0.044,0.216,0.4205,0.599188471,0.05,0.402666667,0.024899862,0.62,0.05
 Sublette,56035,0.202,0.612,0.3665,0.414502165,0.05,0.402666667,0.028261538,0.62,0.95
 Sweetwater,56037,0.226,0.038,0.297,0.804386771,0,0.402666667,0.012315419,0.62,0.05
 Teton,56039,0.114,0.293,0.86825,0.141481295,0.15,0.402666667,0.067980983,0.62,0.05
 Uinta,56041,0.282,0.328,0.36425,0.621236745,0.05,0.402666667,0.022830716,0.62,0.05
 Washakie,56043,0.28,0.007,0.49275,0.732776618,0.05,0.402666667,0.025220458,0.62,0.05
 Weston,56045,0.223,0.768,0.50625,0.761340335,0.05,0.402666667,0.019325919,0.62,0.05